Title	Tags	Link
GDX Benadryl	GDX Labs,GDX,old af	https://lh3.googleusercontent.com/rd-d/ALs6j_HbCi2Vz4E-RHQ5FhIJqFaZwXLCrQ0o_WGrYwZlLQnil2rTUQS6j82ySZyQ-1DgogBlbysjEwvKs2b6SLmxQ9Fr6akvU2c1uvNJsEd8XY41Gv1tK25JrbfgAcQu1MvpnEp7QVtMfI8SeAIFeXAQfqZhv1pI_HW22qBIgJRg747rpTY6Zov9ZdJCicyDs0OLtHa-uR4cifXWrNMAD04az0CazjFYf97AS243IyTDqm4QoxYocAKum9xZ7wqfFKuE4qh2KTGVn52VwHRqonpjr_KTmJhxp2yg9zMqh3ykLKVO-kJP-ENODBlHVanBoyx7vNNGQl_H3TCwSirJU21D61j3bz9inDefyPOcZNj2V3j5DnpJPTaz7YcmlWh4ECUB0DkX2lDxFTjMvmH-xXm7p7K8u4Zm2Kc0sVixi0CBdoLeWhmJiJGC-UErtSZsZwUhHumP7j86SCspxWvTdEpAE4nOuli4rDsy5QuuHZICzTXG9jSGgTtF4xsPBCIWAuLo1FWogJRaOqCkU-Dj6pEileAJ_rLAbV_borJmWJK2JgAPBk9hJqZZee9HowFEVKGBT_IPH9Je0PaSgShU0jPv8AEBDU6V5egTt2YHfYcO_G1AFonaousymvtWl24w97qUrLbMHUN6ALT6xQLcPMg3dSqV7Lb9o0dTEDxtUvK7Cd6pBqpxUgUA18luIrmWqIHztP-mW2BOJd_2X8Nn7QaAx4i4Ft6xHBjsjnNJX9PiPr1mTtqd7QI6pMnhCfkK05AwUL4b3sWrPNp61uYGFQRAadzx9bPBkceqrgR89hv5biP22x-Loh-8pdTDoYU8MuSqAXyU_P_KCuxPWFHwS83qx5r7xC6cJRPKik4nUGjzYt4r7ui3uZGNnyjfE3QTDdFCJL21F-LdcTc17PvKXwVEBlWo9RPZ-Obt32AxcDpY8w6Et5egiKjHPl2aCRvZ-9qm3gbvN1O6ib5aKbjtIpsko2MolOgdM4G56DcfuGm1cslRoRJ_3o5x62n-xGQMaI2nETEW4vaNddPgdtDv9KzZt5Qubaer82a30S1f9xtUelxE6IFThHGjV6t1HLL0UZtBl5BuHMIx_vWU2V4LpPiVNpMUgOmC-t2znoj6ilKnQZScDhOG3_0ttvje9ymepKcFUkI=w1920-h927?auditContext=prefetch
GDX Benadryl HD	GDX Labs,GDX,old af	https://lh3.googleusercontent.com/rd-d/ALs6j_H5po3qqad1jhzuLYJGP7WNEfCS34P5kAtjksmDMUGrtilflRj54a2hoicIfs8f6wn3JZU8Khnxwyx_fexNDWDfwBP0DoPDiry4HAPPHZBF-rORiRbg4izjibu87WkDjz_9uHskhaDkJMYi4VtC0FB8VGRnbnPEtxaKMA2yET95FP8Ly5xl90G9czIKDfECFDtpzD6F4_cf7-FQQJHrSqh9b3zBkMJP54lfExlxUfUFwC-2MH16P8k8WPVNQ_NRPJqPFJOhw62a7a5YC0iOBm_Wt4EMuNyTIhTjIJj0tBXVnDpVNk6YoQgZIpPKtHa5frBBNf9yK9oi5JoValTZ2hS3Od38oj6Uskribah33vLjdBDCAtjKBOAxMEBre9EhJoppUhMyMzr_nSwPKBWQQc_wEf8FcBryXifiKx-9SHg6cMWwPDQTmGLNI6NfmlKhIRdIzOJofEk2dZHyVioUlF9tSp4SHxtQTIqt4S1Tr9b7u9N3hcLjWlUzQHtfL_w-L34_ofFGIlAiK1KW15sWvKRa3ibxcYOgeE4BdGDFbPKilTqafpWHvVLBabtwaAN6V24MZcx-uL2LlP6Zt7g3kcRn8uUrDauM4mtFfd9KAOZrdKlZNG3KTuujLcia2eAEnLbLcapXZLsJKYnRFhMK1oI9xVqZwk0lmbXHLrHGaHqPVkSJtvv7T1LjQ40Zb9OvIVcvix5zFSwERKfeCp5JoYd9aX8RUK-vCHakv8Lb59lAnClnw5FsYmdYzZ7OWYhpy6qgmJyJNmybEqzdfe__7n9vSV0LBrn8swt0luS_TcdT8CseRmyMDCk7JqHOgzv2lY1KbNRe2NxbaSgoNZGli8goIuIu_MCndw7XuLZjHlO-z-VCqV2YsZ1CEbwe2b39bA6D8ojkQsFSK2GXff3EcuOUUSGJ4iJmv0FiMj7OhYP4ANhwiL8NfixewN7ad-JNQoT4uILBZ0AAfYNO8dWQWwiIFE_bcNTPZZxXxM6Rq11GeML3Q9yS5QQUQqZ-Xk5BkbD5gpmVxArfK7dMqtiTaU41HnNFBmAZAiCRClqhhLljryDB1GHIeLyykQbfUgcPvbWzaatKoFdP-8dPvC3vz11prI7dWMnKixM98vsjJJSZjWyzSdrhpM6vxmn-Y022Xtc=w1920-h927?auditContext=forDisplay
pow pow pow	GDX Labs,GDX,old af	https://lh3.googleusercontent.com/rd-d/ALs6j_EkRDimCNymh3a-NWK5L0QEpdH2y4M3IAYxXzrxc6UP1w0WsqQqSE0Vst9unLdsp7ehyomPPiChoC8Ft-yoBpKEq0Gf3ZNxUsMQeyoQ_RpF7wI9tPQkYE_noxjj-GtmQX0OoGR2Mvu-ahpuEi259toD1G5F8_zSR4Vt91toghigkXTur4uA6yM88zs5vudGCUJ6RRL7rJARRUROg5PgrzPw-pjuXVSDUzwRDvTjs6t5vlVHoN5MjiQLwfb7qZmB2FTjfQxtgiwz6AHz33LgcAjm90D7z7XK7brOnTOVjtvap1AUXYN6w450uQDAdouOpiZvwkii9PSoS1gWAIYoev3dpORufy3XNdtuk59xIfpWvMhuTMpfq2mdon1yWWKbgeVGvFsqc9mdhirP67XtnSS1QnkKz6KXFCqbHHVx7FIJxQP_FeZOIHetjafkUlv6O_TW8KXWKXGitX4LbD--sNh-yn0ArSo2xU8F4Cl7B1VPgd71-mFOcqWw8EOi7znlS3ENjtZLyVgh46wcujsGKSu_SHg0zyQJryiVFxewcKMunaKJXOU-MYXduplIFtAp2l83P-eUuA4LJneS_-u4qCXA84w7ITOT71ASqFH8XIeGBcX6wJ8n2erzLZ7_caXb9yOfxox9Bpw2zVLTlIJsEPt5qShG5XYYHrdaxtnZD8M5VGO0DDhJVEUsv9oKXTaguKkZjSH4z5rzE1SEvFzCtOLzW4enP1X81lldQZY3_j9-u5EyQfjzlE6Waf4sOTwh89Yk458Wu_euqG_c4wYhzFDcVrFhvI7IifTvGxN1oJ6LIQWHx2W2ygD-SnvL_A-mvnQVmGUXEaeu3IwKOA9OABYI0_uts9Jxh4eZbOspZw7atuL8Ld4f7AYxwaXzWUGZzFPmKuGjquiUqWDQa6xUy9fVs001_waKENsM5ATeUwAImNSKFfyJOau-_-r4zjqphfopz4Gizj3wgXj8-F1hNQr0YnEYoC0onJmeOmQ4wunvKftbi5Bk9LUb2QhJgY6gCTrCEq-IaFoYeAq2cxDDPqQRuginLsVxVvg90xIsLz8ZVbu7qMo0ghUBEekbWyOsgQzMSE9LBQBTKx8K2v6DiW7HCfgF_ZyC5vcu1SUzAkowgIR9bJibp5KphDqOMXCuJfA=w1920-h927?auditContext=prefetch
Valentines 2023	GDX Labs,GDX,old af	https://lh3.googleusercontent.com/rd-d/ALs6j_GZ2ZKrP8NvSZYtFlFVgK1q7438UC0hpna8ihm8AKCX6RzN3WOYRwOy3THZS4jgeVkJnKMVwvzEbHtvcyCv4QhEW1VSBtP7lbuRAqj2KPXog3yrQtDRQMlDPp3L_nyvtwmzW8_8Uxcs1-EKkxSxrWBIswUF8MfF23qxdmnLyB5myXs-SWAMhp89O89563f-HGevq84DnnQ_p8Y0Abr8AtDHb1KKyLnYo1RTq1ldOI2kwhqh-OcDmUCcpar_kvGHUCLDyVghm8A27j03YMWzuqoE11hqaMVoATxLuX5kVNLvY8kYsC7JEpRGhHuoY8R3OjtkiR6Z_qsPWC55qzGaTe1mM_mAhUr356lbt5avBOo4YEAaAvToU7KUXV5NUFdKdbM1zkXU32Af_cGva1OsCksyiW1RChtr0xhUfSndDEJPOAiRa_mHp1BI3dGYkNpTrWakq7SbPmmv9gFBs0fDEfnZxkRlWNdGx5sRx-NKnlJ7iPaz5quACP4F6uwkA9bFJ-yrTaoOJZvkfkYgjaFAllG1gdiDPlMvC189PAy4Dw77nPFPONLube-3gqZ0oxmxcy4lwAhbOM8WQ7RcAVHFlfCQi3Hs57GNqIHl0ruyaUXyz7r1D3FCS1kLGsLOxDTXv_ihdkDY9NEKXmL-uuoXo9hMunXrucq-qTOSAVyYC_Fs8VKh7H-XIWVzzTw6E-_zyMsoE-5VbGSuUaSuqTOw9b7IPBGuRci8-yF-qzSANjD3tm_I0QbMyE-MP1Kocb2q8LvFPun8rX6SqIB5JyAQ4g2s_1R_dzQuaOJxjfC5aIoGdZzSOqSPqRYyZmelmE84tUt4aLSu8dlsHXqgj2EeK-eIxzo221syfbKLbqt1Sp8ZJy7k2wSIt9zcbc-9R_bmRgY1PPodhO32rDiDpdODi1iLfXA5Xg8FY-_sj7Jwxlx9J39WdPinDu9PztYWLeK2_ey_zhSVxiu-Z0Ge0glB17xWkZ4yHNGXhneuJ2cAtzt18lF38fdXstn5vfVICf5dQsU9zn64OzcRU01-rkiLJ9GzQexhgt3UWGh2Q4_4Vd8NJk8Xh3wO61lhhlqgKBIPW8mmebZYq3S6rmZed6Lsr-iqC6GQ_dVPcexM2nUrfuJqOgYWixgziqkzBDeJFzIGIRU=w1920-h927?auditContext=prefetch
Hill Witch banner 2023	GDX Labs,Hill Witch,old af	https://lh3.googleusercontent.com/rd-d/ALs6j_GFMURIn5keOj7kFepwPm7GX46MX6_LhAkh8ydtVCncnoSBFmc_U3siOx44jW_Tpt0altn7v5sPKU-3L-AAsD4KvRl-lY5A2Z-0fyQbvi6JnE_8ioic5beVrpU8jimew6NzDyV5Qe5SC_Hriac4xorDPFBtvC7wTeb29Hkk9wxMuJ83Y-1Lbs_Y9XWidK8GGRMC4hYHF9CpfKx9NgLS1uLKwnHu9Nk0XdNUMYZ-2pN9RNQL7MRDeCZGmcDEXDdtiTLOJOTIiVCIcqbUVmAHGGjpa7JZS2qlGLlvsGslYmzWCvbuBRWu02_Us2amJSYoVKks6XubXlDnNwtW3if-LrjvgU760yILXiaZ_fe6J9bTCW0R7cxu6-POXtFZ4Mj_MR9kSrI4rdhXNK9g_68EyoTBuMhUeYQ2O4qpZ_2Ix_tydAUp1j4lVQRmQgh-saWiQo3oxwsPp0QPiZ5dfkLcteNc45iGbvU0AJFJSNsbS7DOBsxVo_RBxXut2UuFeQMP4EAifLJ30U76ZBHBmmVMmcesFSWjxaAYLh6F5H8XempCVymiRSqIFQ71YBzqGFBYjTD38sIXVzaJi6hGPMA-Q5HBupkElYsdc5GpmFJf_6LmsCUQ3-Jvm1VCd7TdmaVk_LOx9bBMyOdb7CaviT0F_vVubUlA_wqoRYVopAoSn-CCHv-Z5QGPx2Q35xtwbdj8dFPDK6ER_z_ghU_BX1jO6bwkdO-IVJZi7WOSlgFciD8i0RkZ4cZnZ_tDdwQ_HIu9AyNhxmP6WnE-yqtqVky9Rrs_TUTinKstMtcvd9tqsxmWOMJ98DPHeoA2M_gXN21f520X1WLWTzu7jfqU2lRxTyRDxz83QgREb95SYArFW-74Bb8XBV6BfZ273gS-gTTl-BnT4sLmNKP7xoXsTfwgoHtJ-5EXZG3bq0yRYcCCNfOZPnXP9q83PoRrcl_yeNZMuFXYKTRf73Fa3bWrXany4AyV85Ykj5bW-kTQweICj1VYNnYatZ0G3NdDp63Wjs9MpAqbeSe2OzCgR33x8zimQN1xylcrmpGOnUjGv3TTRb3KoAPoPWZdo-mq2bqMgfwape312cQl4H3_Ya8jN542tqUVHCnwKlK1q0pssV27GNq8wN5fjL62h-0Sno4Z6PBi_V0=w1920-h927?auditContext=prefetch
Fent GDX	GDX Labs,GDX	https://lh3.googleusercontent.com/rd-d/ALs6j_FoeUtYiPFEHfmaMWcpJlhlAVsCCZTXEDoDs7bOqP3yZgbZ9KxDLMuv1KAVYeDQimnjBXTuvWuTB6TW0VJ5cpl-phk5x0bTq52Q6wnaRnLtkpnz4viYphCxeTXaFOFgJDk9LTeTwYp7CQM3XUupQtgl6yJKZFYavITIRTmPczWikn28nfIdso6-PTDjxf1qnjmOoK_QZ_sUXIUOw8FNhX0S_yfNS5_L-vjsPKyejwZ58tOcGyzXqJGbMgjAjzICZ-2n8Tgu_HANt34I7T5e6AmAJoyTlRcHiPhPuEnmjnHwKqgpu-loRJQTqWU-RSuvLZxCK_LhQP5kYHYwYAbdK_KxP_81KQa8WyP4-gT_ybp8fANM8Bm_bBKTUEUrzlHihu2qwIdK53dJa-aa-BzgaNgzRHPOQ-v3XnOOkBQ50V_PJ4523qknhp-drA3DoPUYtW3u1A1A6fohP4SfV5ghzUcJZRluO7KS7N2p2pM1CIabXEFpdQaGLC7pp9oU2VJ0vgp1d29nsTKHjQ-dsiiAskRwWsPNy58Xz-y7VI40Tw3VO34taF_ZZwvuq5u4nP2TqQFwyAMSnqjsovLPC91dQvRELtPRV2PofBw4QGHR9kQTGQ6uD9etmrM6YN-telE-_3dVCLyyPdshGs2gG5i-rD3jqq5JFJxIqBQclrk93-gPwORMo75MSlZkR7VAcK4SypZDemhBZYquZ16hFLuqALqTY-pBl4yJyQHnf7r2r3BGRjogZG8SHI-7CTzzjrymLmNiEK42h5Gqvv8jNG6-w33PfbodteIrpk6FcEdCCVhsvNaLOxM7tySOSvzkq6jprb8xMC2IWXkzYbLqotwaWYhB2ZSsLCEMf4ffuC_SPpEV57HEj5C4iHJR-djaZU5P6L5cWcBQHJ3esvMIGkgSoj4WI8T00Nzo_7DPxZeqbMCgqUv_ZzOoEfR0-P2rSGTkBdr_vHqzc9LN8szrdAMZLbiTyrHdL36hnau6CsezzUjUp1Tdq6PwSTqWCotcZ1kEMztkmn_2QI0z-Yjm3byLFbVEYM4io9D9HPPY2UBapgccYRIVTyB4Xt5J88CBgx7NhFUayTwElSyR2XJPcDHmsDR-Qm_LvqEbdljId8FX-E50H1XnqB6bkgC_5y6oyIC11ViK=w1920-h927?auditContext=prefetch
hello	GDX Labs,GDX,old af	https://lh3.googleusercontent.com/rd-d/ALs6j_EwicEQeAuMD0udoCOhAurXk66RNqcofBmx3C6IQ-FBzNk4Oc5zvpAKIUWzhJot7RcVVJO4kdMancV4QQuWd47aXLNLkM7fpLtRmvJGNCk5VEKc1xobEc0hjSBp8FMfnKbShe_72UJNn9Rv2NXDrBo4LZSlPWLVpBXAHO28p1K5JEs3CvNPENl6U9sAQcvu5PunQgzOvpExHOTPPHHDY3w7VkfN2M6NVfwbve3jmFOgTeaR3EGwKstmVi2IAlN4nT2cVuCE7S3nFJiA847dQTAwDo2FubGrNt1oDdz1bG_CD_Oj6Pl7_Vf7aN6RzyDSZTd_UG6QoG3WkZvcZ0qVf1N__XVE0UAK7s742w2symJTBoafEtx7m0nG1mCvZudqGJgD-vjbbPs4AMH-DjBZtdwQE5ixabe-tTF-7dOMIzQ9vazLTJdWTDlB0HXICJMzlkamLG8ey2LulMljyKmlpUKjM8pVy5BkbNTm8aHt2MqZcbahLfEjngQy7uLEgbG_d1__qClcGdvtYMCtiQzu8Q-as9y6Cmg0d2tI-0OMWriPuS4WF6AyO-mYUDfj59IkQiu229RLKDRREoBuX6HWt7dw1fDK_2-0oXnMmlMwUUweInkf-U3msoAk2RqikqO_iyL3EAjsJPPo7L284WXSdVYWYSRaiw9BPBQdc04Jf3GUmK4RKfGLzLLdnbzSy-Jsa_66qn1KLKi7MwqhnhFPq32jYrmKg6SL1j-tAYvzT5y5ws5Z1_dtAj8p7HujCrrmk-NKnKkQGhtXaLR3ABn5f491qV4DIekKPsZuYmJMrgCDB0YwmteuhRMHcpoFjJa4MrIa5Ybgvd5LkuRE06SFCqtMfXJg9XhkJQoWBDZYZQNCPBeAGNCQzx_sTjSQxPyORkwcnhmLDUDOHRH5DteZbJmg-CcpX28r5_hb7A2Zzc-Q5ZAr1ptpw3T64Ls4lpkNDCiAM56TQkD1pY5pH-5Ij4z_ivaqwj2EHgS7kQMLJggxWLmveaktqnfd5a4X44ADD_6tuA9M4eFKqP02u8XPxmRUNp-9BBQDtTj0KWUZTuFnPj6Lj2PSAx5sdHDz6hwjHSH4pRf0p8WJtXJMDGXgNwn6J7dz239LH3_ZtQth9OGb-n1oS0Z5-Wq-pvZdazKctKt_=w1920-h927?auditContext=prefetch
witch	GDX Labs,Hill Witch	https://lh3.googleusercontent.com/rd-d/ALs6j_FL6GWzznMWYXj-rqKLDF-NNfGGwAbP_2Ups2pjx1SHQ-T0dvMNz00VOFzZ9Nhavr852RE-jbHcYQUFqKQX_7eDz4gl6ND8IZQpUPHPd2VpfdG6Ry93Q37vgMVhUiRY3Y8HWyFCwW24FNjrQUcc7b04dQRxN9k_LMjlwDIKYMKeX8BOM885QdYbZ9AefdQUc0s0q2kEhI8xegA45nxYX3i4oL3IZHkZH-tBZT5WLm8Fbk2k-xYj5UeOxZLvKZ2n4UyxYru4FZUt5H3fm7VDBWPmxfbisoPtVNvz5IvEXwU5KKrEk5o1zxO3PS3aumWCKqWK1VTTRdO-x9ZFhu3zNKV8e2L-gporLxialSnGZCrE9K7OS_WR2jg0LpdfJ8RNA-xY5Ype_Rc7xIAGLX97jYbYycUcu1xn3ohRZ6LRNUVcSseYMhkxFivC1J6We6vpxT078envvAvBKyB1Ye6s6QOH3hOP2Jsff9MZn5Ql7Dmf9As0Xy-Y-zFcUx31jfLHBPrfT0MNH2GnqBTM0VEe1JeH1V-GTJ4gbCTGJb1iGkZ8DKY08lYBGsxbTe__W6_ZJjSkZATwbLSrtf8hfP53tb6zdnRLUzdZUfelaKuM9txl4PmJ9hlD8ipKZtLaW8sCRuO1seR1OQsGNWvpLVDmyGi4-7mVMNJuhvmRYrnoIicutn5UErPmWRopzCNM2xNaaX-bJABHCUVVjp2r0_oVFD0J-vF98BlS_Cy0DR2RCgWM5DGM6X90e8Jc34-0b4wrGVoNKdwnSiVK-b2fedPFVdPmePj858HL1rkuO23S1jDq0hxt0lb16sD3x6zDEL931UmJ5PxrUqp5ECdkg4IsPzmdaehWnF85wgxEKswPI5cmF6DfYcAfnmKGaFDSLkqr9i6AhAWd5xEEhhSea8klW6Yb8bzQ2k_Cpc-mV2lnbf4m3xEQhQbCefkTvKcwAOq4a1bNq-xbvo81TVo9sbEODUh6VxeoGnCrDxweP1DYP8ZKjEU2ZpQ818UAnFe1HqGchtKtUQOmqUjBdx6-hEuMeNrkuroN3DU-_cbTM6u3WYc6IXf70J4F3s_GufuQiZyJTN744Bl06_tF-4tbq9Q6v7Krqne7bldoV9uakWg6c3-nW4fiM33azg=w1920-h913?auditContext=prefetch
spooky wtich	GDX Labs,Hill Witch	https://lh3.googleusercontent.com/rd-d/ALs6j_FBLvhJsTsrXjbGTK0qQiTkxpO5h19CT4r7GvKJpZVHkuYNz0PXxp7yN0YREt_T5rCBdzfxtc92O6wl3m2I6qKjRysdVqijFG9LY48V1partwH8SfT9pj6ynIYJodbso8M1uOJb8Rj542MA6X8PZOKQaeNYTKU51cogQIojHdHBFIMV4oYl_N04wkDyyxWQGMGHrpsTW3I8Go3IXanMHQWhEcvKqqH6ioJ2fwlqS9Uecb4xbNuP_SrAo1lQ91SLdZy60B4cXtlxmiyHOrdoHLSkR0hEf4_xYeYxCWy1EesESNkJW3k5cqkqgKb10Qnw_4lgNpwpMHu_UhZLr_HOX6ScTeP7orLnSkN9l02ZJVw3XDQlJ7gdWK8CWQ6srhyq7Fl2f_wnrpoDIR-7YH_agk47eZjjThmoNkZHy76vUox2_mXu4GgE7cSUb3LyGzHMe9fy9qlNg4Jke-K_R_y7_8FsEvmfrnXyhfKshsJDCu_uGqC4S_nJ5OwelYKuGKvc65APtKVMFa_uHGx2ObjDUGmxpZS7jeC_OE21i9oHdL35ecstxKblLxGwv5WPY1ynTL1vIwUI05K24AXlgdnG-N_EKJt7J053w2Uu5yPB8clNgjwnmHqAx4JNZEHkgXgOgwJpKgCDe_Vr2lsTz6Nd8fc59USUGDUDHvbWZ8v1mmtVaAhEG6jwFzMUykLu7UYXvrZeeaUBwYuVjmnLaqgAJBzcB31GmIK-QnoyEBqVW_OmaiVstvOuRemfnm0I1NiNFccNmCqE3m4DwcMvgHiusCuVnijuLxX_pYaySutbln5exfSSDMcFt1d4P_0s3_tqyvH9hIIWJaO0xoYyvGRzAhmB8jGHbg4PvUHb2RhcxM4aJ7iHj4bWsTjpcvOErjefNn4tduqNObVrOsYn8IGaLaB2WQfw3PCOKebbbD2iYmnCD6rHhl8wpuuQi5Qm0WNjRC52J8pjRmfnmKNR4H8GYO8hNNhFGyAq0Rd5gLsJT224GEMtrLn0xOQWHrfEqRTlxm535iTnAZM5py50WIBw4TS7_DQ1Ylrfhszr-C1UuvE_HSCKaURNo0swXOVfIecJO_yqNir_fp0AcIgskUI2s3hjSKiMnqG5zQ2Hmrn_S2cwkJEvvc2g=w1920-h913?auditContext=prefetch
Old Youtube PFP	GDX Labs,Hill Witch	https://lh3.googleusercontent.com/rd-d/ALs6j_HxvQVoObN_z-fwVu_Dad2yYBR48swWRCQp7r7cuTX3pgK0BMgVv8ByERQ9sKq4d_XogYyiq2kssMBr-K4Yk2SzK-q1RVdlbeHRf1vPiVZkJZsWvEliz1QveYbjXEuFYR6ZKyIIDobDHD7Hzh_A_vNY00TzKdubq2erwlygtMY6POl0H34zkKQIaxmpuUYPVzh8VU7gQ0uH6BNWECjyCd83pwdQA7ducZioq4WhRYmDUmaDlFJRsXEhDSagXbULkpwhjbgPJeqcaKQBhTL_9JVMQM51ft94spKFhcIaLYN86TkKNhNZtb-uYhy9h0egYqDIyN3d0OxFh9P7P3uPXm3_opzbUzzoHKelgPvGrjOmPmA1WcAvSG_JN4TmY-5s_0posn68v7jKf-gx5EbrMwqUuxRPyxrW2DmshINP7mLGjjYbE2F46l5frEp33TLaGNVigBBmzrXOX0_UJWTRysZaVk9YKrRE7pewciyuyL40mY1rCJoPlG73GkAHBqHUpTP45lH-V2pcpzQnpuRyf6ksX6EAZExyOhRr5axea8Q5sjVy1otKSxHnwcqYD8dd_2igRUcWfgDzQknLzBBgkXm9_dRtuGjaZIzE6N7kWHJ3Ybs_DO9r7-F3aYSPpJAwDbQKz-u-x2o5pXMFxlI_dUOKYpMxx0hS2fVDn0oZvfOI3ezK6roz54KTgW0u1DoMr2hk6eTEivmy0h6Gp3VtFK7eSDfnjLmMWFBaMe5vvB8Az8rVRIafMdusf2rBxHLe-Nx3pg9XB_3RCaWxEGK6UDwm-dsLDAcpWvHhQ5GxZkyLq2YFXySIAcEL92_IirDusWdzaAe4hz-m2EBydXPclLWHuSxeh3yrAeNYYQSUnCcjOAI96QoHXjbXfMU_TPMQm3A09kvdSyWSvlyU6ZobmvqR2GkXKsMoLVAdIau6-xBvZpI06aEPjvrS5dic3c46tHnCKbgJWmZtwgu-sL_m4FlzFpmAOB3SGynlSWSB2VscbZGltD-JfuOh5z6Jr8Vntkl6qZ6getH3dZTTLy094Xbc-8kcgNMclWQgl7Tnw5B3UP-bmp7qDbEKsrh8zs4yRIj2XXj7_iC-aJkzL-6T26PoaxEcy0o6WJG9k1mLhY5RXn3g9bU=w1920-h927?auditContext=prefetch
Turns you into a frog	GDX Labs,Hill Witch	https://lh3.googleusercontent.com/rd-d/ALs6j_EM84HpnBF5XCB0oZixOXoKJ08tshpU_mbITmvQZEwd7m3jPeBwC1Hu_5O306lmSyUJtXC4gmTqRQp_sIapI3iDK3yABk7JmFyzS4HM67pJKPA7kVCFAEjiKlZcINjJ-GM--zcXk7YH6rlvt0gD3-iNrSCf3TujL3Mmnq63ez6-4oODq-IJmypR2W3qzTtGtiYZ6bNng3kE8AKQVmSUjEJV54CAABwx4cFX9HUMFQeiRWWDuRW9fFcZXsskdLatwHAy6wIclx0-d919WKIytgoX348IdUf8MAqINohZ9186TOZz_LjYZyO8UHA42u6us9VJPLd9qKh93RxzG_1HWqgIou8Md7Ys7oxuH0-hXL_zeGCU760t9AvUNJKD2H_CABK8CH8uCKclHksejPSzhQsONR5FdN86BTXDT7zo5-kVQFd-B9H8eULX3zkX4wvaVzxNwWFvIdhOZWX7GPTd4kyXRztUXo0h3piMpfk7EclVvmBfigxxcTJfyjrjD9q5vhcYMlIb3fHdXIUvYjeViedGtaqN_LygMWv3_nTejtiCpdDs15lB93MNI2XR49A-Eoc1OW0PLjUYCw0UzdRu98kJ5_zD-Nbr3JheGl53RskB1vK7OX56x3Eh9zgKrxWgYSir9rXbgVY8le7mLZ_rMwqsuxZUYx5Ao9FmWjHgjO7VZpp8wmz3o9cxnrUKBELEuLZeVoTP2vVteaMa0ZRFtALYolYUQh8vDfD76Bi_JxMGUe6Kv2RyzBzfHv1vi-Ao0V3gtq4HV8BkiLerMiSJur7FAe1mv3FuKL5ESAIaYQEuNe5I670hqNvgIkdKqrhTRMZ7fxtdrqxwfh3enY8Zacv1XxjLRj_VUaPvtZAGJ7go0VDFMeFkYABg3fs6tEoAdXmpBHNAE-3g6OSRa4obdVGD_kgJUPF7hzsmAyUMdAsH1B27pfsbNEX8KYBL2sdUvNnDcIPu1eKjaovMKwSi4_3_qr7RXcWzfD0X3_T3wZdCk6_3sy2_UuyOUwIJ4XX1n9b5Aiq0XLfbkKkmCvTTXsa-9ImSJI-zTh3sgNh20vnqiem_OKvdE5v4IObBgBU6cjkf21EqXk_wad9gaQpDv_XAJ766kx7_wq4m8Rfyf6NSEaUWBIiYTA=w1920-h913?auditContext=prefetch
Valentines 2025	GDX Labs,GDX	https://lh3.googleusercontent.com/rd-d/ALs6j_EGMPX3rVPn_NHlKKFrZl6qemdCVPUgMvN89c_4ITnSnu2hlWegh1t6imtqzAR4KpRNPMAH7zjR9Cib_SfP2oqXFoNTxm9VBNRwvf4dN8SwfUW2Hmazr5PTqhL8eEVBBrz2-MQDAhdj2pdc-xB21rjOJAeEqHPxaodJ37Um3CqTzUHHJEC4OocwiKXFUkrcHc2YFhslNu_yIEBTOZ8myGRmzCOQHIozYJ1Isx7gL2p6K2i_Q5eIk_9TK7xeXvnVTYHfPh66zneqEGvNf9_n7nGvCsh7WX9xdomIxskJLaNQtlidhOzKqH09PNovsAVQEpeNgSO7zV6Vk46hk-viz2PXOnlJlDkpY-2XsgkKGd8APml_d0qmmwLL1SXKwV3Yl-MbALjJ8AMCc8f34sQmxRm5DMprFUMjapyeG5sOdXNFzeB2SoilZUsEDCctsIWzh6CtE_JdinPpjfsQLAJQQEWMgsD0zJUcNqHH3DGTQF_a844wgFNWbKxOiIUdOqTyjazMEGPn3P84rOoSpjrnJVHjXRX7qAcq-V-pNj0MhxsfDRRMuPTtCJdIvYuTsDewfE03T_i2BUS2j9qqSE7QTvi52Z1BD9vAdKWuFQPektWGAEnJQWAJaBK_pjYzaX4kJGt1qVH1HxBIZ01aZioLulSwGn7fYSY1poKwTeyfMPrU05L0VK9qSpqlpyP6_aSFJknD1allPztGsmY-PPwLJGq8Hj3RchuNdzXNuQGCB2HCGY1Kf9L-eJ5LaMvNpo31ce6RqB7ui5dYlCHwKzxL1zaL3v0ypBrQ8Wo9J518OSM5tel685JoCyZr037YeCxRW02LI7R15BuOiqHta0v_da7DpwqtbaJECWsSw9ycsWASaE1Yd4ae4jETvBvjH12J2_bunGTr50rD_WBvzAThJCftjhkwPRhyV1Bbvq6uv2_CQxAh5QA0WFCys9GgrTdOj3XOlLmGOfBg6G9CJ9w6piS_VIzU8PNX1yC1A2GqP-32GZ9L1yqWUEer6-MfY7OV21FCE8nt-7YGY7uZRdeVj6mbWgb6N_1E-qX3nVr0NCgHP4MfdHJtd92O0vz2YeY-dLNJ_uLES5VsZNAde8alUU3Y4kpC-qZ5gpzvcKRF0qytzNZpQBjj=w1920-h913?auditContext=prefetch
Under a FUNeral Moon	Edit,Album Cover Parody	https://lh3.googleusercontent.com/rd-d/ALs6j_GyDaWD8V2F0LixYgqksZwbabBBT8PvO_t2G5CvPnXvmYhLBUmMHhCEUjRN4BlG5oLwci1uTP5GsUQ-MAOEtKKIsUYNPf1JM8DoaISNATzRjvnZxqXg33v99kkNljF1nJB9Ad0L329AladLXyRu1SuWmbI04IAoz3txNlY8K-aGXMWojvJ_14nV22JGYWcD6WF6ENE0YYUUk7645L7LlBaTkwXBMQZUJYRPuH3oT-MVwRYfsNoYdVElUsERD7PHKgN92UrpvQpN2Tp6uiOjH1EggDfQ9rHTKp7YNUmKlCNilK5h-Y78jZWMLKqfHPk8GB7US8pQUXzHcSZHYt6TxxSk7FZNgH2Ob0wWaSmv79x0mDXb1uZnV5t-g-YpSdT3Sh37dPDhlixBTeviC8VG1blGknG5eQH06jibRGtSZDX7YFb330EbmyQCWN-XzguoQsbIJ3HFUSf6grufFD9TxjR1ZbCvynW83TzaaRjKKzESAtfV6QE35aLE9JVdo0x6kJYM9osNLPA2-gacHxhk87HX_CI95YoXlqT52rR_zyiEsVVOYzdf1ltiE-pj5nZSoiTlnX0AwO2o8F5leTDhgE8lzCzwElOw0s_MjfZfNxdHOirDua_LnMeD0icEppc9yKVIn9jYmlxbVZo28i3M2IC3dfc8CRPSABUdZlT57YHJ5Fk5NrlbgMRvd_U2HgyV0HbJHwtGi0B77pNvyxysfsu5kNlTCZ5geCSLqE3_cpRaQoZtS7IqcPfbHJWGVS_3eKZuxSZM6yl-kncOSNM8Z3m0rf28xf2uXW7c8rZzKCBWYV7MLmsuDOlO0-efmpub9PJwwT2PIFil2b_YLlqycTtEtlb8Lw273ySAZDieu4WOwXZpFhoABrf6TyqEDtFjPdPWXO8nfEhsRqpa4Pr8hHn5r1MScQCE7M7H9fRfY-F4dlVFRGujvzcgoxOvPoWfoUuzapmIs_FIon4aEK-teBM06NGk1ZIjXodylqg75oGWMtDqZdKIfri8HgyEW0jFjoFS4ThNIXiTbRsOjo9INHX2HLNIX38zB26t4RrA8SQGFKQU4Y9HWgCpdlF7X98T3Ln1i6lfmBv7IFP8ZjZ0-qjKNXiGdAcdnriks4AzhfDnrzPXEh-trca02HF_heS7j-yR=w1920-h927?auditContext=prefetch
GDXDdominator	GDX Labs,GDX	https://lh3.googleusercontent.com/rd-d/ALs6j_FBDLdzmosjXjU_Ba15AKo-JNf1Glv_4eVZtdmLQuVLt2-bQDbgsRuvRzLQjiTHS3nofs040ubiQHr49oWlLHAXJYh5Jv5mJgmBWgWcHHoBiIgVDamDYXtg4GbLXyK-Y6B_3Wx04TC5ouH9ntVKjqOlsxKXWjOo3W05MUpv5sEgKY3NQ2bfIjsxclv0r9q5B-jys4VucpPUAg5ouvc5EGWh3nu0gx2oR_fEIcJ-2YuOQRwbMRiANWd5-pb2IMybPRZh7-SNC24ErIsWXaR2VyctfjEoewWb9DUP1PcGsulzkbmcM41HGN-K1dFL5fzL-Nvrl7R5ADjuxQn8ivgYbXMpvPEL3O2iVwVwkNmDU6sst1hjo_AJZLx0NlfRY1R3ezZ9a10dB8WqjPPc0zE1iAnDiCkwwcU8M3nt4W23S7wJXtc5N8XawLYxXKpPwOl0wzY9oaQZV4jZDpV3mRm2tkVrgIx_ybCm5mfVEOipj1mZk9gRCrRIC1cJnRCs1dIPmXKq632owsoac6SQmBRtQvYao4Q2qTvgmcYNyqXHNelm4SQde8RWuobWtpQBIhrHISJkZjLvzRl6ixTs-HcH3GwQvNWKoR8FCFmccS9EiC4L_GsHSa9tPPj88C289ZmtxGoYaaLN_ovD6o9lUoTBOR6Gjg-vrG72jIisnpTn0CYLxUP41WIlaY7AoPgj4ug1JdwdZkdhrfrxQW6GLaCHMZ-SHKrK4NbRjoXR1y-ErUVHXItftEznnW91r5f_B-Lq11ToLtCG5fFRx7HS7msoaoQLBqKluPSc4NukLubpCaXtlRDGxfAvO5X3s8sgFWawc3VQN49fhVUS6_NJDfU37QNQjAb2h2UoJftwarYrIhBGqN6911i8fH-59LQAY1l4YhQvcqNK6LlBskNzEhxqGTyJBPTj_zKY2W5JlDZ59pBJEtE9O7QYzuZiCkALXAU5XPA1jzmtxbFV6RLj_A4UJboI3lRXudG4oVDg1r4PxeEMfDJuToDUl8g_tQLeXbHHFtHL9BRaOwachNyQEj4HjWOlcm6waIfTLvV2zej-mliNn3NbzX9H2QiinGBFPr0t-z5K-Lcu9Kj2jD67muVy-Xtg6QpgFGfGngmHhBxzKxqsttYVEDaKsA=w1920-h913?auditContext=prefetch
raining tacos	GDX Labs,GDX	https://lh3.googleusercontent.com/rd-d/ALs6j_Ek5PBBLenO-Vy0HMLhKIO3YRFnr7NPSqdUTVtAOdfK3TIL98nEzTmvhEii-V0OZQI5QAE_a2VOnHkuXuHjHNKqvuKe5nCxTIcEiJTmXSe4Z8sUIH16tXIeGGTMYiJyphR4-rrAdqBGk5Laiipij5hvRaQuqLGg5kUKCKBytkmHiv8hrVN0FJ6BNduws2GO9Mf5U7qyMTgIoJvCO5Q2UQrKxO8Ackg2yTx1p6uSpt_HGLp-a83XkZGdiLvjN1xqo82q6lw0bAHmkC4v5L3Vec9C-706pHJeaW5l4jcfaZjPknC2guMXNx7uNsATNiwpJxGg9TZ0Xcs5lVtr-97m3QNoyuzLQeZYTlAxAV0-DyIQVPoP-Zn7t6mx4q6cprtDmkJhHbXNi5Rilp_uzXRkoRawCFHP4NbJzVfGkuA8q_qzOszJBwBAn_hdUu2-dd3qypoc-xwhmi97OuocsEruhIqpO8FAh0FGgEmFbhU7IyIhoUftufyKJQTedZH8HpeYdDjawuZ7U82ZqhSCEY4CEC95oEiKshA6oYOcRRng-eIIZPQtCNGKWILFk_Cqytsjgp4t_cfVRJxOUxzyM9nkVIVkz8o0YY_lYGMybCMbnvuejNQI7luFG5ijAag09glxeZVwl4pF3gEisKjL6dryGw-kchOIRR9ZUSMZ0wswDG58xqVNBH8LXeUf41KfCgGKEFCPwhq04c8DuNEWLFgz6BcdXYVNAIj5LRFuM-VwsCQx_LR172tzXs-qjSXeRaJgHjBKquYl_qhl0Z41rd0OymnYJpLPRZDz__xj-FZhsQc4JgVBb3_bIdgDucEM91-JCdQ8P7c0lmFhQVpJBR8xtVr_u3P0Y7TY-tAxgo_wLFFT4rDxFDNlAqOPrBn24zk0VoyijjRX39i4A5Gv0J9J3R1BG842yBmoHGzsrdKz1WpfM4kBldC725gcLebB9roLQTajT2zY-G68uLBSqesjzdUoMv2i8ituaZ95lNp_mgoPdSyJJyZISKbSQgASHXEQWFrjmKKdoBiQXRxmFUzqsVuF2a6-OzwpmxSNJeXKWEWh_XcJEM9RpPwrKdueOxzgrDGTQrQ5QJqmt3N60pycctoWPHKXPGXH216HGVtKyzlQeN_SBc6m=w1920-h927?auditContext=prefetch
Apricot	GDX Labs,GDX,Cover Art	https://lh3.googleusercontent.com/rd-d/ALs6j_Edykl-3qWPFLOK2j8mISsOyLgen8u3DT7gg2YtynUXJNB8wARAf4j7QwvcIWhIZE4yGWxXjZI2rMvhwT8UBu3AyzkdqlNr46H700Y9ReKac_4HeWS5NtyijXkAIOKnqG3UJnpLoVDOb_NqWRcyH2vzWsyMiu3lu1DSZyQydqBe_Wu3IWwlMt6HoBWHP6cLEHroVqmPTlPhCmhU8fR-D0pShqgn5qCuq-DZggQ0ooAI5HsA6RIKLzp9JUKkJ3Fn35UqqYfnMXL4eeB_i6dH8YYulEqlyUaRTtYZMm2h6j3wfIO1dGDcRe8suSWEUGgRDAciKzespOex7qcdFzPIcLySn2xrUpjqDU5O8HVwrfrigQYzdRjYXetbnaCmaRc4gPqC2AssoMc2xFjGwUE639JbJdt7wyPIhNfoVqtJCrEL8qdtVkPyvsQzhDWDu3pvxqCc8FQ6yr0Z7Lww8vBwXNbEQxoKtPh3KAuO4xrHjmrHtb5WLtLcrDQui62Tjb_E4_4K5ukObezkULH8d8i0RFRrYQGHZaNbm_eSPKaAyxuuUf_DVWZa-dxa0Iliz-M4byRscqjXLDAqiu1xALJy9YsQoDF_iKuaJwixEnDBKa4HmErgpAj5Ytf9Obvk6nO7opCeXs78ztyObv1jVh0XGRWDYUvNAQJ-SD9y3XWH8dGJ4mCYJW8ayBUCVwoZfC8-af9Ke7kaSF6aDOilC6wOztihfXsbrwFdaiBRX2ze6iH2ArreWTyvFtVQqaB6acNhpVK9APn62J-UvY28ktaKVUmEhjcwGf1nbEMwhPSx3_I7t-zPJdW2tFztS5ruFznBNZQxQNJcKALbEg-Yn_gt1fQGE_x4vCGlglETEqWLRC666Q5D7-91lesTmSt0_FIquMt9_l5DZ7A5DGa8a_4N7IvzZFS8eWCiAcLh4ySttBoiJVMn56r_I9Q792V9olg-kf7SDmtYndFBMzkaTWZguSnJR-ThP1qKIc5Z05cYNf7Nn0_2r1BOaELZKfYTU3xx-s_0_hxi56_hEwabtE5x_ZyMZjKvW2DS7MhruPHbPJgeTMxPWVgdv_jNG35abkv9q3GCMuNZn_Kn5_1QjHT0b2dRLJsSdJjNzlUxl6rHA6WoR4125qJkzDj0XTX13DWyVFM=w1920-h927?auditContext=prefetch
Apricot (Wide)	GDX Labs,GDX,Alt Cover Art	https://lh3.googleusercontent.com/rd-d/ALs6j_Epla6w9POjhIKFMjVKSHEnt5_3dG8iHrzgSAvMOWfxZz3PFu9QhI4GNa-lgULenIxsRQSXEB050gu-wkkF0nxkLG70qDIY71bmSxpJWSg0mZBtqwwMBvECnorD-C62WHJ690pugw2FX9WQLxyIY8MyapcS6xQ7FgY8MsMxAykfj0XIzwDdGM6KicYqOOl3GPmp8NDwmK33t6hffh4lDpV9CZA-MlNvLRQ_XRvWXwLdZaH2b3ohuYpg4UKJtI82YmZp13q3GY7zvTptoc9NFwIm-LB2-JBxzph6tw4mHMNcXDN669vcojSZw873Tfex_XUQvFw1oTwX5LLySWOtBWdYt7XqBqeh6ypgw0YXVtthqOHN4bd3TeOrsGV8kwvb_HxEjdAmyNM5gflKVsPIpxSDqdHFQ8BsRFKWpcebvOL6U4Wder3VSqGLE91CDMsUSwrx1U7cDe1nKKGATVZ8kL3GPYed6pj0_675N511I9_WxZ9e_h0BVOXQa51xyXv4_cvjPFklShwctHP7hF2CZeBlXZVTqkbrJQIjJFTmRz9RyFPP_JgVNqfDfLJjJuiCJs8S98CSEQTHZUB7rY_rKmlQsODddbqMDx-R-cGy3wn9APXAGEb0X2_MrYnYkEQCC-_Gx5uqONU2b2FQqV16sgcAzFkNWcEFmKlQk8XMgxxmule_BzJKq0t-JIvxyY6BdrzGfzRWQDALnzCy_4A6AIplksV7sUQd6oxcaUCEt73nRCWJ-lw7g2Jan5YmkXdVLft9zGb5q7KIx_9GKm-PaUJ75f3drJML9en-I0Hril7iIqW4ZDWg6CGhSD-YUaIduYQjAJNcJmtwmHYSh3oBkcMA7StZxvRHC9L8vwMaRU-UwV0DyHRTQ4Vm3Wo11IEjbPriq22WoNdO3p06RD8ieelHaoaBKVPl3JGh0AmkiKky2Oyoh7vmIGKJ22STwR5wHAzWwwC6IzJ7i1ZHeIFW5uSgo3ShbK4tSWq1AHjBLYmHZXOtGaIE6-iof9yYNrzgTVckaveQH1CLY3Nl-CpawXnaALUqSh5nA8YgqFr58HAeHV2vQkv5HQWEsMyuyB9uIoTyY0RmZy2vOJq3XjyROpx-j692N4nUhU7OXsT9aj8M-4tMI9mW=w1920-h927?auditContext=prefetch
Apricot (Super Wide)	GDX Labs,GDX,Alt Cover Art	https://lh3.googleusercontent.com/rd-d/ALs6j_HH2d3BFEtdbgSXyxF8iAIVxsxmCF7Yw2s97rUn77-NOnls98ekTz6Wck7q7ou4zq-xjnHMVvMrbJ1WzyPa45W5U4AFCKle3xOQJ8M4DHsDc5VaxceXjNO8qWivB4Qi4OKhMzgvmYgO7AEafVekNveIEDlGOL3Dsz0zsIpD6VQuC0sRQXjKIPXf_lFqt8Igk2EmS8BQ8WMSiWYlO9QBpscsEFdPxjPHP0vTwZO9ctFn6P5-CjvI-48J5kUOg8NnPV8n-jD4GpnioEreaJ4XZD060g3ELbFtpxH38ssCKVEWGHyeny8dahiKzZm-dcPeCC8VKBCDpt9BL1MTcbr56QqztYlg89RHKZOVRPSe2yfX2FO5DACLeAFNDmpiUJAqNwcjopa6pVwqFv8hmZspd4BXlLSSy2u8Sx4HZtPFCQJj2oI9x8vOEJvqjsNiv1Pco_77BAEc6sE41web5POL1qWTu0or9dQ9zKejqaHB4iOeYZWA7j0KkvXCfKxWmJuQVRDiFJRQN8e1B2FjS97nUMYkFBEx3mQVzaZp5U247148awwu0quDlteVEpB2xc5LJ2N7WOsgO9fJ9bw6ugWwgvXuJj4Fa8wB6p3bOy04uj9PiTX_OHKvrrbgfhd1PDbW-AZj8n73Xik2vZdSRSmdYl26UGil3OhBOlFkVFHDyYtfM0n9SQ5NN-p1AIL36n6b0-i-WQ7qZJ-ZKuyEdyLgx79WEh8NjxaAUwCytF-hpXCl3xDzouCbtcMjh5loattilKiX9WdEnnfLm_U5G4yIzsFTZtlGnF_KNnQbpNTJSlO0BhhpsIhaCqNWTR0SyQfgEeaLSL1Hk9F9gipGMFcyUTIITlQdCSa66OmV8ANEgMWvt8RoKOL6YZMR34hEi8sMVzA9ZCa2DaYIFYGC-hkrzh2Ipge-CaUYFzYG3XbyqtwobQ93QNye2R7yOo7K3AwtWCdonK1dlffAFmPvHcW6wFx8kUxxt2rA03QALaPgCLz5DP2KjS6352p8OJPjXKPpZQxnNIiJbKA16fE4_is_bXU_CfvcapL1GT_KDMzcij10_lTEi8lLodu2a0z5KxPY03j4ArF14CzKnGLGVpnWYA-srplipJvVvCcAG1y0mH_Hdk5eUPBbtW3WvOQFFYq9ZMY=w1920-h927?auditContext=prefetch
Kill People	GDX Labs,GDX,Cover Art	https://lh3.googleusercontent.com/rd-d/ALs6j_F1DiZ1GcTy7mAtTgF5YsNVLQYLEYukRAcAjYSKuTlpGl0mmbbpCZ9_pNGAMOnSmIrS1qcpf4aVN83b9OvtQwbfB_aulTZQM7Iv5b6CXnLycX_c1irOKzkR-6GAe-aDQDcHYYAojLis3QUdLY5gYgdWggqOYQ2vw0-953MZIkLsigurpbDpwjBDOfxp4vGwQa6CeH0uEEvVABVnrgQUwJR8w0kFcemnuQDScnsguzGOZjgL1Uc0LHl68XVHSFurzNGDR5-vg4uZap9NReGF_ntm7SOi2C1Ttt7AP7gOP6mBPYK-K4pK-kKCVmoDFhUJvRLYobEF476HbAQ-tD24mWkTe1INyOYrUXd9q53VKtX3tIuQv3lWD8DeuHZNeH8UXqYK95znykARSSvpQVR7QJwF4l2nDuWiCdCK7H-QTd365WXh-sinvoxqpMHwrM_VtMcYSaMxEJQRKu0dsXmdtJaaHhG_bCv0l2MHUY7qTnbitHnid5chBPZbAYC82mBR_C3ILxR6GCISgOG81V6oVxSc3HHupSDiMzoe-k2OZKNlLpzrvm3W1M09PU6tH2Ijv27rLVGlb4iwAlbNvzSlLu9plw4ikgqqTanU8XdgKHZfyKnC_t1z6_3jmOeI0tgwBeLbs98Sg5c30Zn3hvl2i_s2kKHZzsC24qXdqTmTUb3oWjUDIBsvQCkvOBHzwbI7tBwV38pP6KOn98GGkXO0iwS8_qP2DqKpRhoDRqk51dUq_-6TQhdlnnU8W7ekNIgs_6CprLM582WssjKT_g__WuSYB4m6zOKCzj78Uo-sDve99FmU56fi4I1B_qCcU7IRpVAY-LrzknWiZgO0DiEWuMGr92jRMUptoIHs-AB6E3ENw1JURjHL_mNyXTQ6IlIl3knCOdRYHIb7NuIfl_5eAZDJRe74IDFUbiXgUqP0Ksy8h6MsS6vHkMDkkyitY2eXq18o5wvkwcO-LiUKce3W-3x3un3-sPb2BJGHbyVz_SDwIM46WWfJVAONUoJnIh07jcD4OSl3nSu6XWooan3Z1QyYO4hNMHZ5yCaB04jW5HL2Nj3hVunajr8mx92OGJ0rJL8_HRz8HtemajNesLjAk-oSBvqULO_iiQOwQdcCOnC-F3yhb_AMnw=w1920-h913?auditContext=prefetch
Kill People (Clean)	GDX Labs,GDX,Alt Cover Art	https://lh3.googleusercontent.com/rd-d/ALs6j_HzRKqDyEcg_gxRLakNAYwevNrSrp-tLkt2dXq1QJnjNecaNYQlhiUslVCuKWSrCersyjWUFdUjOjGTRhLaFu9TaujUVGo4L9zl3ESVGd3mdn_KzJLJd7TO_Vl7MmYiRfRYK8oTNNFOkVJmSfuJvEK8umTP1ccU0oX3u8ii6VFbqH3dinaQYYM6AW1hwgLmPN9AJen6xRxi-bTx-skzL772KhQTCOllzbA3iabFJdUajGm-rzhRKPNBndKM-YMWOBSY1AYdwTvMbMWrwMc2rfm1w-fVpRHEyaRMAl7JrT4NinF4xZz8vSy9mVQRa-M7bJtb7t0a3rZOB9Gn3HfZxp8wPL9dw29X40U9WLgdm19JAGpAVHNemjZJ1j0HAuG8w5Gi6-O1a0R7FQmQGioy02zMthLXr_AoWgSxV6CDZRdljsftm3is45bbhusqfMWiCSFbzQapQkQrq8uY0gwDqqt6WreyRA_CI3q9a1xAdBovhaGgwcyTKELrr4w8btueMk-TaoNS68WteaGN451SyO0wgEUhvOPtfUOZdXm6CPEADZfOV51e5X1eJaMr3QQgGOa24gVWosElYpfJ2yj9uG75K-2lIbyViuaw_hhIAXxLMzJ-EsjSSZQzgFqNn4gTzXcEAyKbg6GcnPIaN3s5t1ql6rcFucVIm249zPuN_e0xN3kIwF6birbiug-KnlQFoZGxPp7h0DPV7nTdx-l3JlsCrO0PNthTkXn5KLs2DhvnjfqrNzeDnTwkR4SLwF7QHYs59Vc8KvmRM2jdt2z6ruN5dLvgzurHucET2PpsEve_e2J5cDcMHpam5zQ_Ir_F12ZkJ2r_Bp6k0oV6QVezsRle4RncEEDRozKfMX_wIDHDnmlbrXOLnjb-2EMTSTKtUeLj-uwukgYvW-ymROpqm3oAwilg8ws5oL-3sF0RAyv49GTL6OnGQ4AHjr6_6cf8Hfse6XJYN5ruWZQ2-H6Ow4LunTyjO8DHo559JmNljAiibPfF2UvZ0vsUZcFctxWak4wDRZhYZg7m2SCL6uCT3zzhDBcLNH5v8ebHMNQStFEtZlF4nKx2CfVAf62v4ukeXFLpsV9U80Jdbw1WPrRSm4rCT_mk1jS-JQICO-kWn_UZ4HeoWleB=w1920-h927?auditContext=prefetch
Kill People (Wide)	GDX Labs,GDX,Alt Cover Art	https://lh3.googleusercontent.com/rd-d/ALs6j_FVNHqfmu2eZxqumFFpOeNgv5ASRcPo5jL5K0dNFKII15btlnH8PcxN6krZMvO1nPFmW5bc78EfYeYXbC92VETP--sEDi2y3hzO6TzGAA32zhW8ojQJMxqXq8sKe5i0nhNwDnB5BDr3yePaSkZUsQjlLTe_YMfll3czq0hvMknN-3CJ7bRoJCRMam6Z_4KQtNYgrnAwBCiRZ3dEL6_G1vXXFM8uz0TB6rsQHycGyvO1nWjGiosYP_9myM_MG0mjA4Teopurn4FAWF4rbOCvDtHd4IJipeE54nN3H5EYWTTqFfGOgVTfRZSznVcrL7oqP9FaN_4dYlVtjRl_HsY0hbA7wRj_AW07D_nLW130Kv6Z-Fa-g1FlAHk419I2paU92zq2t3EME4nP0ABVZ8b6fEOviTec8DY00J1ZVB1cqOpZZLG6qtaMBWc5vCdoBOhUP_Htjo3kRGS_-zGJIl8U_LoZ0ij-xs3bEApzdOEM6jAjzmlInGlsPPLsmo3oCI-VLv3lZW16Ems0dHhZjAoZ7YtEmWeqW9qDP9i8krNjOVvdEz6vOc_LbnsxNstIAnkBmn_JdQajCbvIYG7OsQBEO7ljL0zSKIUCu1uLwURV5i2wXjDxphS9JuMR6iht3tbzME_3UHpcVDnMwtKyZPvJuJCIRiZPzt5V64jNaSpXgHvfoKuAI8LtGHdUo-VGd-2PV9zL7cW5cePNA5xK6l2eX6CWO0E9OVv_ZaalT4HvD3LqfgRnqp1NTxOfVXjnAuGDa1oX98r-fL_yKMQXDnyMDh_Iv2yQPVYVF2GtAPu6IYR5KD1gp0ttgzbmaZyudfFgcFFRX1KJ2WLCsUol_hkTFwLNY4T0uMXiejnj41YbZYjczG66OJsU2uBnRegChHTRdohU_mMNbQD9GCAb4O0PUZLHr8dIbI207TnEGVWtGj0N8XWBh7kCKcU6WKkNu5C3pkJ0w4LKWoOIwfwDT9bThrwyb9L9pX-9FGOGn2jR66LEooA2k4MM4uzYf4IRLo5BD0x78vS8AX_rBiY7Xpk6RH2OxeqCegKRYgMMqDzxp4jqJWO4z2gYqVsEczxRp0CQTIe83tF2_1tLq5pdEYqXoQfIaSda5q3IX1z5rYq5lrPVDuFjZ4cv=w1920-h927?auditContext=prefetch
Sabotage	GDX Labs,GDX,Candle Cat,Hill Witch,lucy,Album Cover Parody	https://lh3.googleusercontent.com/rd-d/ALs6j_HlTuaw44orqwDC5rUbl-lFIsFZvPJ5hlnnZPleeNrDgDn1pBeetuvf0oPxe12ET8E9tAF3ZaFqv0DVFxMwuibWYimYQYEri7cC7OTm4MDvbm-q8x5jlqSnfzY4p9kK0kWb_iwUcCIPJCisENdbe3PTOfYINDrxZOfJJw3n7H8oQMa5hZ1Tp6sclG_0YAlEn7BGflp-pSJSo59Eb4uUSZ-M2FIti8TvfbrfIIR6pEINS2vuqvbaVbmNwj_C3vBpsox6bfYITCdS9s9K9VmXH9i-zI-bhHgOM9VN00tESvTwswcNWZG8EI3pE813eKFrc9hJl4bpgj3z_91nH9PYPa_IsnWCKUlqs5FkTtz7H4SXn0vQD3Xa8Wl9cDvXwwdrEOLTviA5iIqlx_a00xdBJ7VIcASaUk8hFsEhAEL4JprED2JV3fGyz8j1Wnnb89nvKx2iZozBE6Wuyns4Fs0qLD0kQ6Arzjsuz2rj8dWA7zS2dBmZEVZTryyUuBknUaLtnrZrt7rGDrQAY2Aqxi4tjJWh66uqefF7w7bEQ9gn1XZsMRuTMCTlI07h8_qxvkwQcPgdpeydRv5SO-hT9VNF2l561fIGCLZdqhmw-MYfGE_zFC3xiyADImg-yS24P5b8wK7ksLsDb5wtRpryg0884XIEkcjzfREeGI8EEEEWOtGuCeWQ2-RJn8SmXq-B5l_eIStBkV-1oDlYSOylR3_x5CtIQDo2aoMJCkHS4jMTXvqrgVJBj6lOmtYq0US-a86jt1kk8BrvDGJSPmvGChgSYTeCzuMIPnvOB1KC8134Cbx2RFvseWk6wxGhsb5Boud4lONxb8B8AYFfQsahBIU_K4FU-GIiysXXuh195QjKvqDAwtxPq770i8nqiTPz7TPg3A_-LrY-Y4Km9VCEx_dnUslmnF7Bgm805wXDErmd38XVCDBsrkUZkNwXUmQ-hmcVPMhxmwOuVgxdKx-eCmwpTSBqA6-bAU8jOoPQKKY5XwzHCBVw-BTo917E1sRNljjcS_8iUi1FF5cgCinWQmHZr2Hn4Rt82NuVqxd9GAKDq_DCWmJSXkxfqoHjCU77ThFtNkmJCRZSxCjW4uYcYoNtufnkMK4Ov8OxrSKJLE6CnOniyrQITH31lw=w1920-h913?auditContext=prefetch
Early Drowning in Reverb	GDX Labs,GDX,Alt Cover Art,old af	https://lh3.googleusercontent.com/rd-d/ALs6j_Gwk8cBAOnYzkAyAOuTNqrOgZ_jYYlpfdUYdR3ijxoBfEVvdMxR1MRFYUtYSyzI9sKR-1c_Ff-8_wus8KBePBNm8ajl9cCUEaLl9MBjY18tXDsqdNh6eUtlpPbMnTPOVA3TOkrJn2vCs90oI5woOR3NvCgLBiP8C8pK2G4AlNKrQB2azS3hXXn95VFiiwDdMXsAghl1yW5kW7VC-FMAzDTHJpsL-d0FNqO3opdbsU5lRzUi3KtZI8SUKZ3eGXrUUxFRXBvVryHMe4-mUA3GLUCpBkQaXSeYQgtOIXb9Qs-yEU2H8_Ci44lACE1DAKM5KtivP3_aB23McXMB0PWPTKdHAtzIxPCOzAPYIVEjRgh-QhUvRfFE5o-B0RSRQik1PlLx0k1Taryr5fP2kuR-rI5vdAQP7fc7rRx7Rbv0pJbnse-RnhrkzRzYBRSb3r9QifDpldY281E3LFHMA3b2WOKDSnfi_wfLhQkF_XRxsjeLYD_fdWfZhlzPWK4pejM9aHE8tX8FrLg3-s7x6GEZ3ei64hNRbhGWrRIwxcwsFVfV5gg2ppalalaz-LaIuZi2MHOfmarWGFKua1PL1MKKOAMKlG-IhdXyWf73SmL4Sxaq_c038g1cBezDUhxUUnzmCFrpXqmEfcQNGDxoP_sIx0Rb8RPxpObS6SYCFZN2c2JHMIYrMQIY3wX3deAQuS9eON0xHlmwAfQxc6_YaLNoPSIMTLTRNTV3AKom2vCUKfiYNvgArlVrgEZ46HKq8HV28euQBwOvVjX32j-uTHzw-GNaE1CvWuXAhjnoB8fdkwdacao6u5nI6PF2bGOjpdpbs-MaTbOiA-A-39J1TJ71CY0_Df6q8YH-Kfk4KuMQQqLyDuLACZlLX5WZroxO6ZOZumrAbSKsQ1o7xaj1ZrOALgxjTHtPVsdCIwuUGGUIDikcrd0skwMafco-NhLh9WpBsudS-NUt9VInXBbM4tI6kLputsT6Kzi1OaWjGDf5IR6DQJn7u-JONjd1_YHbg4PYEupghDmZyPbdOGjRQ33Lnn1XhZLZ5nlXoZAqUiKPcd7yvgM6p-p-KqpuVXVdZmDTq6tk4ZjCXKiUYTlaymocsBTmdwcLCX1zi6-LSwgZV--113dyeAtgXbspz_hdsmm5wWMi=w1920-h927?auditContext=prefetch
Drowning in Reverb	GDX Labs,GDX,Cover Art	https://lh3.googleusercontent.com/rd-d/ALs6j_GuCYhV46RH6FrY6mTEmlBfZ6M4DRssTm5onRTGFlDOsvef7Of3ge6bxVI1VBw5wA-405PJgk1XRjgaiND5tdiZ48H_NgB0U-u15pm8HccWphn4I176mYvJ9x37eEcyBjCJoieEV13lylqzRdv9vcspx5AEW4lekwfa4wYsS_vXVk8W3Kc-jGj0YKepmimugPP9b4rgAbD4y5dXwXOO4iA2HepUwA6oRDdj1DwAKF451TrYx07CU_0pzdmeMRsUktFA0sWMf7WdHyiCQ9KLHk0mAVifEJV_z5vnT3uKnyX1CdzeUd_nl47zScSG7YVLZqJrWkt-2u1YWWtqmrtL9g5RqDWddkEWi_ETodxP1YqySqmlvRjrc7nyES7VvzjEUJ4cydG-1niVNOHMRfLz86aE8fG9X2sDiI9OLBRqgvPMHjKoOwuOUQXUT8IaxTACZx2eg0zp1ngGl9gPChD5GVJQ97lq5w3LIOIZpdNfxG8-x_8o-mHmEZafO024kh7kW3MX8hGlU4IWxmJyJghi7CQe_yy2V-VlctunQMHZ3Ro4AA1t1kgUkJ1tbnlSk7PV-k32X6twyG8YLEaZroErrEIXO8pQqEbRqC5O8E-0DMg_WoAg0HhOJfgB9vHjPTl4LWmYLZHgK16FEqBFlFL2iUIOvmznMN1b870XOPhOHHRubtxr1mP3cawKt1MeV8ebFkneSaRctVq2FNNKj9hkuJHN_uTvZMozIAkivla8u09KPKtl0d6K7rNBDjINkBxyyT9Tj12kNISPRuBi4JnMF48FEQ-oUZNMdWyYwTiTw5nnvHM9dAqLejgr-gyjX-LOMLLTeIXkCAdBBt-U5F9EjIIkaL4UIJ4rZ66tTx2HTvY-nDWY9gybiYsTJUJdUR5F3Od8TEzLDdu0Pb26BBOuSDrQoJa42eOd5suzd4u2GGrhwNADLbPRKRqb4JPPfNnZOjNNwJkdiVWR1atdSUzr1YQpbzPRMI5W4J6u1qaaxKCqAP6o1X-hhMvVGO-kEeQU6YRgOIU8MdTMSoloMFcCQQnKBVn6_wW4rD0euzl-5a1LHiDhhtxWTXiVs0oKSfat7zfvmJJInAA66yoXkZ_5H9r3BkSsWucETzrYEO4KyxRvJT5WHIZ8=w1920-h913?auditContext=prefetch
Drowning in Reverb (Clean)	GDX Labs,GDX,Alt Cover Art	https://lh3.googleusercontent.com/rd-d/ALs6j_EvTpkA9FRW-73VHPX8sUix4NYIOihuC2BqCqR395C2ntuE3Homdd-8ubdFcmFuviiWeRLG2RZU9MWWVKkw509hud43Ei_5AKh4fN_t2qauiHC07FdwhGI0MZ2-8-IMAMH57wRphNaVdBBBZVaSUKhfWB6HWDo2nKeDCLeTHculxY_RGH9SvnKv0kpTbWGizdTVnoVMLhtRS5WJfsueRBUvGdlPqAY2Jlv8xFaVqo_-TBlxiYpGNaueifWSkmzvHbKZDCIXSWvA-SpoNL4hUtvSkM-6Alq3NCaCSxtK7rfn_NtXBA_pCdkjbtec44Row3zYeJHDNAFlLoB3N375cyndnaYXe-QPnVSrcTG-NzzNjNfyn_10DKWn2yyxKMNoQwJoBbUGqGhMch4nXFx9QfgL3SNyMEkQ398WLuLea2G5ogFJqoBfIRyc0lQG_8Tks_ZXAhHCdHw0kRS5k-9EGrc7bUAtXwljIO9VXC2W_ON_XxMsTLV7sNIoCc4Oe9dFmDHwu3EL3FQKBPdmB1PvSVqaAMvsNKXwxsTK4fy867vqz4H7Bsh6OhKYjWC-1QdAU-nZhB51kLlLKhcMWkZ_XMXkJMDrVfhn6Vo9TxFMuguomuHRnCdBcand5fj9F8c_hwVf_VpT5UXzzqEzAAok5iuiPhUhiziLuOLQTZNL0IWeQSdkeDd1KbVPTzC6Td61P7feqQF7_8rDfKgGyK8VxwhB6hRrLG1arjP-cVnwyIOP1MxnRW_a18JvAPdfImnowlrNmYRtckG8litawl40WDmAlEymn5FVNaX6Pc8FfHQaHAKylngoez-Wt-pOnk_gl2dz6TxBgiFBj5_FUTMpoWXE57ZEeioVDZxsZDM3m2jtOZb9M02kng2WrV3kLvXYF_2nnZrnkcIsWrUVvVCEzT_DapDh-kVKhlHgWQE0BTUw75LFVfasAkERfOTdpRv0-X6fLbG9_1Fw6T2y4rwGgP1jin9u4YGa4V0dgOJmuXEr02MJQNPxZrist8OTkbAgFkTsJxzz8KFGMsXxRAksVOfEZMWgukWg1MHCxDKuL33JhWP97m_qVafBtT2XpUHE0foXAQO1nAL89dSteSRby3unB7bkgdTB6RHSiBBxA6Eaqv-kK0sw=w1920-h927?auditContext=prefetch
Enter the Lab	GDX Labs,GDX,Cover Art	https://lh3.googleusercontent.com/rd-d/ALs6j_EujbnfP2lNAKBaQ0fdAZRXQYQ-Kr5ztj4uYV6-SrWGHeCQlZ2PvqY01rTVnlh5mUqllF-ASzpkoYgaz6KKXD7Hkep40cCjFRWlrhnimHncscYlZX1qwv_oSmlckpHxY589InhhVB5MF07oRoKiNbH29DUL9weMBr9Bjy9rYTuYbO-Vl-5Yyb-Gtrb566X5YEwddafjxp16RRH7ueQFIp_T4nW3qHIjUE_0Sxf8gzMCsTKtXhM5nQWNGD6UL_X8cTiNendIlhyawEUfhyRmftBMrrx8wNhqSgleReCkabxyN1ba4IeOYTH_0lBXOkaNyV0SYmy6vb3J5OCvvf9rnOHPFN-y5hgg9GfVCo8SVy9UVfrJUdLFahd8T5Ztj71CDQQgIlRA2VfBLw96GoWmwMuZ607dWbJi15C_o7x4STgEK7nN0Ea0cOAc5HyQj71Sn02iNNoWkM3tfwxnkIugYYofuWQuu0bcj57haRiuuV5PmcevTdLdQIneZtQKmFRPmoL2BRZaYO0HkfI7y2eSYK8LunaUQ1AnN_Tdnh7a9cP04mFbFgH6GyF569j0DQdb0NqCH4Y5efzFrneWVbyAAJNDNZm-U_scEx8XK0g3aNaklHAlqOfMJnErp0909srMve_944uTP5_-sBUoOpSd1ShjYSBgJziwA0lM_nJdYJ8zpuxky4e8B9SgLozz3ihG59-T19fRYIOTH_lsbjKzbgs2WcP22p5-4TaZj3iV7-4RtnioQ526G4m9NHRa9SdtduSYV-cQTRHxxTv1yxsn6KpvsiTzEuGQnBbQyGgMAsvdamxGghCCjbpwgKrNZ4iE81CfLAnunK-tD7xdWxs_g55WdxZMj88OpsIXBw9oF8NE3jEhMEXqwUkOT27UBd_d_YAObtocdSOcFSHwq_lNjvYoxSn-e3okD0nudM8sx0NcBsuSEMbe2ev4R42_hixdfIaPIANVDgalKlrlelwLZHJR6rFBlKK3CPxJJvuw1RRIQE_cjngDbcrLv2hNmUxIvUVhdETp8vgBaMhKC4QpSWixL-CVUrqo8h2QStwsabzVN8iet9om_KFdNv6OMoGN-JNj7zDQg7pF_MjGpuuGvZDuoOGrDCMxsI5Zc6dHSq0G2ITXd4JE=w1920-h913?auditContext=prefetch
Enter the Lab (Clean)	GDX Labs,GDX,Alt Cover Art	https://lh3.googleusercontent.com/rd-d/ALs6j_ETThjylJtSgukmkxvXjci6Hjr3LqCY1nVV-SO2TsT4rP1T7y-7heqbuD8LJvXnQmS0pvug2MFZ1F6wYFdF3vhcD75KTspyfA_4vCxhJiyYp5AuMBHJFDoaeeyt9Byf7vUggPk5kLI0isC0aWOzAsMMjBB0-CIjlpgDXDePgvGcHtJXNFkYlq9AS5irljVAh-QRAR0DHfctdqpUcdEX6GKkIHVDiGzXkgRLz03kbkhiyr93S0AAr5Wubayxi1U08JKwdmuZlawD7RnEev-1JSeVA0CSsbeGDiA__WqzgWZAj5Qri1oencydGHFdRaT0Z20w64jCRpIZnOv8KTUYGbx-rk4jktd1ZEvyeojfUx7r3NzliMmxWR2sCrw_0qzPEHLxa4AZJFe9RzF2Y0S_R6KqqEaSO7wEFiz_hqMPSGL08dVYwl_gbV7ZkiNyUcD__mKqgkCg3zYXqGFeKh1JdgAjGXIMCUmKOCphVoATvfGismVWasvOv24HlJzov28TvbxQtFnfDJdpD1IBw8r4Ahqa2IvcwXnnyBtNZrJc2OKvZzqsAhcyhMleXEFrf-dNx2e66CQNPuO8GB9X5dY7dsEk3Ouzg_3kCwBPmLUI3osgrHABsAKUHFgqjE_OCTZIobfS3bVLGE-DLY-4HLNOW57lsDOACVhitJFDL31_RjMDiM5I-BrqI9EOWA0Cel1bSMI8k19bddmw4EdFHa0Wtujt6-NIk-co4ZuMah2cFOe5smLx9QFXSmNoRbESJ90C6nIMMz7-iSbiF9GwbqGTdwqpnOQnm9Z2xMpbyG2GkObU3LciKIBhaaf8KLVZZnOMaHMeVx8mW1DAM4qWA55zHdrL5oBnken-L6r5hjXSQqi7iv7fUQsdxlxkqTvRrR6jiIRYYuSK-r929Mjx2iGC0E6dqHP_YY0HVNYiVfNvBItHaCggoPrQA1QM5bL2oIWUJO-az1ElkZoq1dnnypKd4WBz6ofJmu2S22vNAbRr_raJlS6m8XBkDF4WxpDDxYM1peL4aHqy11QY25zyyROuhNcX9W8M35wRbS0Q7SnsKRwksIpL8ebcJ8IfvaZAmC-XYU0tmTjvdWAegv6QLer4nvuiYqRYBYLZN__dc9aP6L26am0qW64M=w1920-h927?auditContext=prefetch
Enter the Lab (Wide)	GDX Labs,GDX,Alt Cover Art	https://lh3.googleusercontent.com/rd-d/ALs6j_F_qQ137ceXrPCuZHl8-JMoh38s-rvzjgVhly8idc0Od2ncxQ4KXf2-XF1g_PjzSyPlEkW2rmMO-tcm7YpUqi-UC3wDZuuXDMxI9cYwWsUYW7G0vr7LXrnr7ZZ1wwLnNOo0eZnjhoWShBV32x2DEL6ht4rGqiiVNBNfRQ6lRkSCJ_lIhMusdF-N6Fvaj5JEIr4UoBr36bRE-vMGqc7k28sj1FHQUPMD5O6ow2hZuIWPBwnwYeXnih_XMWSbYguwm4tO9lxmzUVCR_A0CQ_yyLVjZEMnxX9zj-zHLzSw1sEL7uR1sGVO96cd0f4q-UKv9JrFgYK3lyad5MYR5m22IvssB0Li6ACTPsPDpM5yXIvXJp09nsWbhcfIIuA1qfnbB1sZnkFyIumSDWL7AdIag5IYi9qoYsaiYRozJurrhoe3Vh_1IFKLl5j5e_R7ae8BUrXQ-ynxCAE-9aOZAQduwubImUfNmw_-ibR0weLFK6UChvU7doaBR6krHQJYOiG-GC_5jsGzvxasQXxlZ-yTHWG7Kf97MVVIVrpXb1Pi2VRtRG6-WVHip-tfZDtodMc8hKOnZy23jd604nxNajONKocKKBR660UElTxi-sPjrZIG0xM61UAcwQJbSDf9MePPS_Pzc5UblJSEIkaboTCgUiyh2IFyaWJPMwFNYE60rFzrfg8YvP4k061OxNdIo8NEhi25-rAWMLvUgYjH0Pg4OVEndY6jxtB2yry7s81NvpGMHj2TIGSs2rJwVvBgdLpntNsdq81ECZ1xdXWQaG8f-b8rk9d-szcBOM-8eK37g8xSxPOCLHti7Ft_JdPvi6Cr2vZSaelbF1mIAGIzJPzyHvltKBYRhJKaPXAJBhBA9x47wvkVj7swBMV4vBW0VMJz1s4XX9ECkmTSddhJVr4-kY3j_rKgFKpz7zejx8j730qhb9wPl3a1yi3kZzZ17Uli9kFCZVCcXbqZ9fDPlYrKLI3Ka3XMFi_toijv1wXg_e8wN2Ka4-T6rL3-FTI8FiBuSV4VZWg2FSt_dYxjyX4DFzi-sBELWAdajrdI7hrO9A0iS0uwZisa2C_naQaDIhG8GBgGlfodEYTZGSI7sPyc5rMy_h9yG0kWz7Fpk0_baH8Yebcui1tshooZ8ZWk_BrEwflI=w1920-h927?auditContext=prefetch
filipino	GDX Labs,GDX	https://lh3.googleusercontent.com/rd-d/ALs6j_FeRWOP7MEzsMqeufGb3lrVcWh1WVnfigcRZRhVjUPPDyyPjndG5XOStIUgSPXtzP8kuNzg6nCeLzIM6HunxTsHGJfpEn8tFO16yGu0plk0wT7oQx4fExrPYIqWWKErxA-w7UUbQgILC8qhj_TdiWWNTyZ6m3Jn6aJaTSmJYF12LeNAvPpcjJ21DcWT0MO7IRT2jhCI1IlKRxzwXzI4LMLJ-iHdJ7YLQZvtV-bDHpfHTMwqO_pN7K4B7R7wgBaDaHPSeyQvsfRHY9ZhtW46vGL8yCtJf9M9AGXavEomQ0QqLUSyPTyTyb8ruFQj1A5coM98fvDDNxvYS6SFGLjRgZ9t8_5LERKv6rIbb-yidjUhpb983-CsQB4H0wMLbP274oojha4_DGEFsm8VKzTEfbQsrW9a7kx4742bqqDf60ob1bU6-eJhmXDVh5QXsnisdnuBWapuUkz5FzmZ_BLAPBYFtnxK07e8AuVo2mh8pq78WTE-vl2uxyqzYvINR1LkYOIAwHR4eapwwsO72wNcV3oY3E4kF8tu22J8y0nEHU_vzN1M6e6ftEtWgmO5C59gSly_OvmOl8y2n9omIyrhKQ6RYX4kPGpGNf3nJghk7bt53kY9HO_ZdT6peDpdYqzfc9W7NKWKYzItLJPCTrV0HKUDdCoc0r_ZkFUvb_3Ay4H8w4DjsgC1u1IrwN4wJywMIEyT7TIyQ14ibrB4OKvZ9T0U05cvSGacrFgJz2tOuB2cpB8vC4oAHXFm9xwtRjT82fZDuigSAjYFUeP3o6e3t9opXQdKDkNddtNhQoBdTLnpgVTcWlpskxGn-RPOXKImdLGJU3syTMdYWKTAchX5ELiVzta468JWGVr1p2Em7DppCy5hto4ICwW8ulfb_EpdiSA3eEweQehsy_PFnra4Dm4nBywulggB46MTYFr-IzLEU60UYUSMf-HC1wT14naWWGEpHtYLF5kmsi2U-dcoIsbfPbDsDGADAQe5jIu5hGqpyElIpWi7NDM0A0CbWHEh_eGm1iZCQXUAgdV7ob5fHPcH4KzLvxsyHE47E7RwVbIb6PYn6KoQF6dqKXvVucrsVLANty6wE7GnmrbR5s9wHOjfLKzY0Hlu9PONxDJFAO2SjjNP5VKc6mjZlThO_jjs7xQ=w1920-h927?auditContext=prefetch
Witch of Purple Hill Concept Logo	GDX Labs,Hill Witch,old af	https://lh3.googleusercontent.com/rd-d/ALs6j_FCrf4hND9Lzky7z5g-ZhKi-yMkNmZw1s27xgwWtjKAQn-3QeoeV4SlGotxHAcZu9XV0bi3uXrw0TkWaZspnwsCKxbmGMUsq2SpRYunrRUQyR8iAqVVEHzBn-u52XUjyrhxD55AS5_QoZoWXVQeRp5X_s4thw2ZSe38N7HjOxV9RBaKdMgr-oR84womdlHs5HjcAjUyeJuDhucp6UDF5JV2oHUD5N400pwCjz9z-V-6wz15VYYNnsoQ3arDxPr8mAqwrQphwVDeMp-bS_cu4qj1IUpprQnEDy64H3bqtG1QvaY56R1K2PqAMmEdUzSTMjW7AgEgeEuABWEizJSdbgXRL-44mbwgJSOjSaOxDOdhLQkhybr-JynuP1JbUQFv-MewCzV_zZELXCkC77LgNhRM53KVmcEeGRfdwixsDORi32zFJWJVTkSXsyUk2b8DMcwkQj_Ot46LNslxDH1Z9ehBcZX8wEPfkMuRt8iuI7i9UEmucvgjVVfljEK5yYKiTEz4mRHIk7tT5RRo9UFI_6gkb1-hlSel-uIaJZPAjiL-fw6wXCgbmoJK2PCT45qdRstYTurd2ONNAQCcSctXvm_i-ED_OLtASSEF5QmP34y6s7Pjzr6ZR48WUIFdMFlcmIYc8azrjsvelUiSxVq3lJO8wJ3T6fDF2C94r6zQWDBko8VUr6UQ92rkVQxPaVazg4gCLYHpGMZRjK2-MnlB7zWFI5leiH3DyCXjqBstn33aLPH8ov-gMaGnOkQNQe9XxkNJHehggc1uowZPTsQjxG_Z-sxpHze4hHjz2rJvkxT9w9NEnEc7B_5xzsKh3fa0DacEmWMhIMqbB7MxuCCRfj0ZkWcPMaujtSRb-As5CRjINjorWgxNblkvLuNI8ib0EruliGTM4P62CYY9IwTT6uK7f7Jb01aatlOnBZmIgHQh0nxCIQtgrKF7QD1rL8DcN-UDr51zszBY8GSLg97nFLrI-CJ5PZ0Cdi6bggBUeapr2DJnGm2BnJ0h2Kaufbw4sj6P7J9k2R6E0V_FCVc9Eqkw6M6AkuIWrsZhvqNG6oTu8PhaUu5cBgNCFzHk_FuNm6VmDpodTH4r3QxV6ca1xDvyspA9ThtNuuT_k8t4UedrGQgyCoe0XEyHURJuMWefRJGI=w1920-h927?auditContext=prefetch
Candle Cat first digital appearance	GDX Labs,Candle Cat,old af	https://lh3.googleusercontent.com/rd-d/ALs6j_Ed0CB6VPpAMZxdfBvxvFbgC8SvqnnSaXFMKeMB_Cl14MsqExu5YgRUXuHMuENQ9pWjABEl7mgMipUDDxKCyFku_U9n1PL_l8rUbSuDP7MrCebmNJE_ZYdKQPOjpDRZg8pUsm7-Jte4JeIX5K3_EdNWPPWQsIbLFej6w2auGKXRXSEYi6YoCrHdMQ0adzppQTtvNOiNWLy3a52e_bnhMWLuJwUZkOzNyza0OVPMiw-HvHDZCPvW4VgBfHdB4P8Spp95biCdBxPJp_EI175-yP70hahM9VFs-U1eLZSBef0xoDzfaq8O8SGnc-DabO91JzbvirWIhYWpeFKzriTyBLXzamZoDrdcPh-1iKlBHonZC0lN4Xyut6limYHzqD1rZLSGb9fBRVMvwUfUCNS6WRewgEiM4gvMMZzg33ls_1lcbaOFc1F8jpu983EKH0e37GAxMw-v_YPAhPZffuUdh-Sh4ZOGYlxck1T-QUpXkYkJVujWi9_XlbGvNvKjrpG6tDkgAk6NvpV4skQTPxaraOP3bSluGIb3nQSXOP7OXxCkNNAdHMcM2Li3XAEJsE2qirUoO1NvJle2hgh2_BnaZLkXAZF-aiqMHveZuyO2CktgVqAHOWTuFx-DkPiCBHGiphDDzBhaFJVfRUpo4aIVcBKuYJKAhqYqLSmWNVHMj09ZBztv0ph85EOrQiFqNtcfsgjzopQGAszWEvz-DMS3tL8X1efI_KXVTXFZlNCPUIJG8jaPPuCx4R1BnZEBCPwppgjfqZifeSh_TV6Vq0mUY4c7r3lfBf5nbW5Q0s6z6h9St4IfZSDo6gII97LiGD_6F9vSoSTAr6n1ac6e7Y0QksaiX3kyiCLmJtJKx1sJlHgdSsa6Hjj9U6Hl_wYz8t3uJylXz_Fd1htagKNPlSk6eS_7KdVOvYM0JwWDTp9aILNc4fKJFuxc0FIsL1LtLcndxHQvZplfl8iLYtnr0qjOGp8Ytl-PiAYgqHRqPKmXaQ4T5IE_qHE13E2KmIM4O7cfuDLzcw3kIjKYbtp3CkfsDqsqhO1eOoR2qh2FURWoSPlNXndw7MK-qn7UzGDgdTufEVM5pRjywH64J_SU_bZ2AbECtUexrglMbcChpEgHpkGesF6iA9PeJnVAh2TdYbEbgOpL=w1920-h927?auditContext=prefetch
Candle Deer first appearance	GDX Labs,Candle Deer,old af	https://lh3.googleusercontent.com/rd-d/ALs6j_HjoHRZuIbfUbTnuZfVGXTyyPNdYzfWHMnIT4jvl2q2efoJRD1EjGKmFA1kJCp1paKF0OQj_UoITmYK9-XeVW0HdyrUqLvqQ-sUqbIjuLV0uaT3KTH8MH0QGcGgHoufNMK453oeYXkSXkQPg2iT-vsDvzv4VvGMiv2wykGw1oYSJDgiIPTUiBJyYdtxQJ6xyevCn5fKE_QcGd1e75gIdjs6l8dUrVVX3qdbZEJ1O9YIExejvqh0MS2v79aqNTniUtVeJVS1iaxyyO7_gLJuJOAq-UvAxqTf-nzPtYKNf5UcVmHkuIYWh2fJO7UNf2i_784XkxSzT-sCfVOrY96u8aTIGgtITlkguw74fy1Y9lxjU7aayWLtx_UYSxA0GrzD44ZZtmaxnPJ8speT3V-KxlhyT1B3RehWgo3JFPzQYhGHIieeF9F7pr0_ufaTm1hx80wf2CUEj88jR5uih-Ewkw_XGU8AmRMgA4IoG0L6x7uBstfo4-2xw1Q8TfAAXCz8VM67MMSuRki7r1wccpGqt5U4egdaYfFFwK5immWXPN8DNAe4NBaGdod6HlYrzlyZ3MfqvoaIqz1Zd3qEydCrj7AVW3PUHZxGZR4ImYpAPXKFDFpYX8dJcHbBQ8mHrbxpVhZiTAAp-mJOy1cWmCcF1QxBHToH_e8enlyUAiAp_9gniip9LM5pvFXFgWDF1QQGmi-ARxmGQBtKWm1jJeEkWbg4c-9oCZyinkLtPm0GjWEpRTNdd8-_nUSnCDR854AwYhcd9AMnXHvAlY0FqZWNBfsqFqpKd8p929OuMMukKiedq0_GW7yrPWz9VhuH-cbSoxExhjbLFZuIMFTxKxlaALnPmlA8rGM1HNCDSX2yQIsyjxa4K3D2JgrRNV0BExjr3tI1sKLZiJErxfHPXYmmvLrGfo-dV_QZNVrGJf5cautCc5vM16_hQcIKbvEN70kSq4kJWacxVoMaJlTK7M0LRXX82NCPZpvSd1gLrvol_8FuVIM5DDDNN1s4YooJOby-ZiU2nBaj_iS_2nnj3wNzaKl3fWMM-jpNh4FMV9xSZPDEb0PJLJuR_AiKcL2J_dDB06nb2io0ju7EElHAHMFO7ry9dNzaqRXtJQLFaPEfyYAETgIy6EQvjqVPmwHXE4qFtM9a=w1920-h927?auditContext=prefetch
Candle Goat first appearance	GDX Labs,Candle Goat,old af	https://lh3.googleusercontent.com/rd-d/ALs6j_FH9rgVCMcFx08SzHdvV8irkdaNT9eGvTaEC5okFM9CYurgMVbDEQmp0XSjWZMUTwI4wIgZBSa9cWgdBQPG-T-_Cv_XrRTOnYDZm8YWT7AJcWLdd9uqkDapQtvT_vidJH2IZgvIGTi7IE46vR0F3TdcU0eMwwdmKYLjHfFHyhnb0SnsMAUsKtQ5qbHj--sxdcHNt2M8f4Z0Ehm843RpP_2L71ihgwC_1rZiyzteNGVrZroJLjcXx9ZBmmCwL4oxWLlrMZVnYhdCI568MMK29b8YOgqmkUu4qwUZvtiq59NqV2AYHYv_RXQztAlS0AxCwdjiHzC5ft9CwdfkxxG-9zVycfMyx0iCXQFq5dH7Q1-3hqFxRFHTnaWBNtFD90EUuNxnLyCHfifaON2lVBpuTSQrssFPs_P6ICfYWzjQaXSZsp--f1d4smZzNk52VnjTAC8VZTYGz28MxymSyDl6sAG6Q0sJ8khmMkUl3zrSiiZ5Pak6FoZ-i1UQEFfqUpPLz7D0ESrPFfGytqJn2Q1dUkOyv4MlCAmA8w4HCDkq-cEb1hgCRHDYFwSng1FZcUdUiEkPPn-OZ-1ZA0FG16oDaziAx6yCE-RjldXMH_REwhCznLcvrFi5czQ1QiBu0lynh1EITnft5VwsmkuFrSOH0ULvQYWuqBqMQHw5OypGao08a4U0cjLf_PhTki3hOBXsd91ANk8TsVUACW7peIp6Cms663IKftW6xxxMOOY8LSYodOQGxS5Aop7sEXuGXdk4CKCcQ-JqoDPNhsW6MbFOb8ZUPhUzLuKXkWIk7v4x3RXIjXMp7rk4ckILxgoZ5WNUKgdOam2M40bJDkE0Zz9_M3Bu6ecaQytzx9X0aeNQGEOssre4QYo81L1R3aRCLtlhBycsM0nxrAkZlExTkU2r6mIg6LLXhHDwYVOBB6erCODl9Ah-i4gj0uqu3ljnVa2GDSjyQXwWA9bUC9ck8Q3vmG9ctyfisxJw8UgHuYvsiOXRTMCbCrRWGmQaC9FSorpTcKa4Jb1QSZMaj1fA9KbbXMFnenfCwAbv9C-BV_VJICjVABa_YbEH4zkzIgnmArry7Mp6IQ28Q0QG8iNDkK1TPRqQ0IrSQqD2mM6d_AcAqg42wF_Q-MxGiz_KSYgP5XFmumY=w1920-h927?auditContext=prefetch
The First Evening Under a New Sun	GDX Labs,Candle Cat,Cover Art	https://lh3.googleusercontent.com/rd-d/ALs6j_Fa4Ein1mH-eLbNL3Tzj6diaVcA8PYEBIHAzwP1FPG8cfY_LHbqv65gPjRs1tfH8csQJIxPYDyLJItIY1xq2eNfUZQ2sl42GkUzHuugRPm6B6GxUGybgYROUnw7mGyDkgapmetnnKZsVkOQR5_TimyYfrmuJncSC0Q9LcU_QHSXURG80K-qf5xfZOwgl16-58YDCDtxZh64Au3RTqxcbAClyTef8Jy9KoPc6rIf0nNbV10x-8oUqIBs07QVpqnyQPt_o-q4ImJwc51Ndcih3GNBtad2wAOTsmNVN-r9zm8JNEJTD_nmkxjT7cAnh3fR-YEPFIukv3XXESCvo-23UGkyB6ecKIDa0vwNelQuWVKU0HaSrQCoAk9cPPZV8Ys4MZxAjXNGFNOAHKADwZ51z-pZzIWQTa6HeaffpaxRR7RapIgEARAw9V_boMvAuEmp54Z5PlRkBxSLnwKUUrgdgXGqBJXEEa6uCTYwoT3ijkV1iyMOtplU3bx-3lAhdQ-w_nAycZ59nwYZ53E3UEv1D9-b6i-4n8tRUUdLj5iIiocYihCSkCmc-PT2h6nxNFR_gQ_ic4PMVU4kbfzNsP4fWK6y_WCTAfy1HWSoHzi5iCKbndcJMOdrNWIdMORSVDPrA0UT9Vi8VcNchxD1I-V2NoFAOl5YDTy7TiAHZY4iy9HZHl_p1UKVH_Uc47tqfuEC_2uYq4Cw5CDf6iYUBd2yCN5pC6xm3HCIT2BciIK_7KDP7ag8ndxC0-afGvSmin_7plreLJAGJd0qPeCkzwFoRPTRqi1oKyxKClXRWup_9-hpWz912iDneQufwEgN2wmY0d4AfUVUD7_ZJdxwxEyy7sNesQWyOZ9L2QM63elRQNpzYLwxiiMyr9teNdSqrmcHVkeksjKePp1WU69jtobiXrHg6iSzndx9KTOJSV-6uv0o5SI1kuveyo6FLe3gpiKd5QMl3Mvm_LDBOh-mSVfP7NhPHOFwAZL8iRusj2ng4kuh8eC7WHGUJw-JBqNWX9E71FFt84eyvmIlFf2Wa7L48Hq-o1HVFKItW9OkzNlbY-9SpwK9iOaI9y86JD-1vxHssBcJYUTgL7E0Ul2SAnyJWIGOgB_RaiSYTa_iLf93O5uG4ybtu9CN4g=w1920-h913?auditContext=prefetch
The First Evening Under a New Sun (Wide)	GDX Labs,Candle Cat,Alt Cover Art	https://lh3.googleusercontent.com/rd-d/ALs6j_GitM2dYVj95lCxzPqJ2ktOfArjv-zPMCk8D-LYmrrs10Yzk9Y91DIpy_04dEQ8-vhkiZ3aLmXOX2ZJ9qwWjHGLSjiRHUeeWNvMBJdOqEen1g-CdYBFBIQAu2jwHBc4mWGg8PJnj2i_0w8_e-C9U-VtOYficgM8gxTch0ZXWt4hzhJSvAQL6yMOKglw3JT061WlI2X1AZ2nL_vRVy5dVyilQ_M47nmCtnbdEVCNlyc9KIlJewc20tCa9bzs1kshrGSqlmZZzDcNqxzwM-44oRDKJsXkqDJ1jGk4yVampwCNu6TO3ltZqwuuVdkQLjlOtp6EjbrNO_QGi4IMe3SM7wVmZUj-PZMbGToEzavLiOnx1QdMtfE08xusS8x6Gafdi0r-Fm7Y8Bg8jfXtcS_Am2fsumRk20oDrfcSypbyDen0zRm1_A791yUVoDIeib_eQf8fQukezfUbTG-NRI1ZCTv5Fr0IRXmhB2yeN4CFvTQhxItiXxq6iybjh71uHV_DvYrvLf7XLYEYCImc7Z5QG_7H_YAlZyG8g5-XLdGBhzeVcVl_3UmmqTIzDQqvpHK-eI-gv-Iy-IK_p-VPHsZ4VEjzsgBTwdIbMa4J7wtZFSSadA_rAFJXLYBcPNORd42FwBC5hN9kFLVZuPIFCdEq0G2Rhwl_hhhodgWIeWmBtgWA9uPmWnDUxxY4PiMqWWLCaTm28Y8VWJVRQpD5SA8E_tLN6IGIEcoDqqCkkteOUYr9PpErgSpfm9dN7bN485C3OiZxZdmZqWiFJWJVnVlDP18ILKBSQUlV75bnFJNWldaaTiIYbLYRrJC4YFnwtYzF-37CXYFBMZW39-jj7-m3didpC5WTzXBGPi3h0GL9OJo1KpygcxIn-X-raLLMCD_OolJjoSDI1yPccb_KC-ehoO927WHQJF1n1PbwK4Vh-3ESunLrN68UTXzFds2TARPIRC1sfzbR2X3XBBQWqGvyo-n8_OvWbMJoCs0pVbO0Wicu-Rx7ZsJ4LU-odPvzBOCZLgrFJa6HS5j5mLRqX2ImiuL304nxuliQUCa_jOZH4csr-kTzYm9hT_21-eSV9fnsWN84GL1mfOn1AjYazTZ7xLzg1cVJ4s0qqKFvVRrFxJE8ubwaFvfKgw=w1920-h913?auditContext=prefetch
Early Madscience	GDX Labs,GDX,Alt Cover Art,old af	https://lh3.googleusercontent.com/rd-d/ALs6j_FmTQe1vF0qBkvWspDorunCJlME0P5dJHUB9-5d2x8uKi-71smGuN6_2yH_leBdmjOZYo4x7x49hE2yis69LHVGqQ9yRWK_XV71tguVXyBibPmZT52uNwdMTO09NJspj7J44QO3aXnv8ySB_bZNVXTpY3ovNT4h0V105S98B_hlOn_CAbv2NjAOV7UB93lxRzltJB-X535Ca8M-aX586pd6IJekpStZjIY_V14KKp7o-GpDCEWEnXbVdG9BB-asOnD1KQyAs-j6_Z9CpFQnIv5XBBbphopfZzSUqbdpyHJKcm5czj_WqDvIpNETUKNIwbT6IeSFm9OMz99GaJOPTGD5qr_SpYoKf0iR4kpZq3dV948fXGVBG3QeM2Qo835Z70UglVN1G_b4h6AX_wkJiZZjsBk4xu_qVUtNP6ntRVNTD_Cc6vycGb_coVlOXj5QuGopeYIj20wofWP7spgkPCyTTpiaRjZvvgmD_XCrk5eDF8cWWf2ufiOj_xLwoVAy6r9TNJjAJWKO7uNCs0_uW6mx8HgqTduVDf8jzc5Eq9kFxAJssu909szpAdHTG2HYMIetk_lkmx5h929_vfSiiPZ_1clxPZMYkFv_1fQ0hpxRMgBfLHAHJsN4N7boLb2pEqh2CNE2JZ61a1KDhy01ZQNeuBar91Jl5n8UFCOluvj0IdoBnBlUiMquMzwdwOeIV99BS_Rhcw4fERBZtQbZiTaKTqXXU6Bn7biqeqTZqZdhcNmClzI0IbTWwMlU4n0EeAZbhgB8q00twm7wq3N9IA4Y-ybsjKebrEm7v2dgEhsg1K-iLrpObi7jOaTrwhZ_w9p1hyTWJbefU8ZOcWiRYc9DbKdbBnIf1fgPsn05Q1fIuHbhhJBMDfPwbelAbgH_kCDDm2TH095qDoBuswJhTEg7DOePZpYHipt4QuPKwrbWEn5lQllstCtAcFAA80MPaMJ2oJru1argp_o1Djvml77Y4Eqp023mWi9Ynoungz5eDXRog9wM7KcoVoOJrIYF31_RqwGxA-E4EcGRFBFjB5ISBDjr0D5PnZ4QGdUerO-6T-YBfvj2OZeRJwB2ht-j4DkNSY5V-FUaI4mC1vkMb_UcJnYdQM77Qysbgp-E6HS1uH9d7T6p6Zxcltb8A6RHR0c=w1920-h927?auditContext=prefetch
Madscience	GDX Labs,GDX,Cover Art,Album Cover Parody	https://lh3.googleusercontent.com/rd-d/ALs6j_FX64B_UJvBqXc_or2w5gufv1axTjAy832zn-Ykscz_LHe-KOOXyImUyu_PhKPK3DZa6pvU_rLouOoTlDjvw4NSGo_H6rw5WxDEmRk9MWWswt5cOspVE73x5-NSFjUqOvADRDwrQELXsYeuhSbAF-wwLEBq2oN-VkWv8fH_IQDi3fqdCKFaa-xd0uTQ2UlCwGzA9Laii0ybM675qkK6Lbi0vkIfvfJeJjKgRCSY1V_aC126iLUmtAuoIIxjSLqJdBCLHkuWNmBPSSR5mcUFxwJ0hPwgsklZGZihigebnm4sjKuPOGSxuHFqCHu0z-Z4YFC1zwzc4dKxA0M93yJ0sBqX7LPmKHkAIMWg8aWIMyCyrLB0ZZJCt9SIOamekmwkKscGGKKOaPDXD9Hx_tfZ1oW4u4AkOmVYHIQIED6ydfS9G8yXIoeFyLUGOaLGtg-gaqaQRC3Z1jAVyB9bQltwNSqJckO-NVcQrJWuNeJo6qv247-aTpoIqcgun3sk_lPZBEkqD8Pk9f6yxJto6AGld9DMA67H2JdrwXlkKxtsd-M5bA6TafFrqrEugH1x-Bcj7xAxzHJduCLR8WdrsRibMASoFlZ4nHRS3pRGPUhYBWChZr49jj3i68SMWHuuSHVIMj10hvAIgR1-_C56btXZnTu3uBb_RmNxDrdCC1IGpp5n80Daw7LY8c20wI9aUpq_I9sbWXs5Z29WXlgU_yrHRaBX6eNCxKcIjRcAZRQPC7Uvfj__YX27hkd0lVA5juQ43uz0TkMiPHdl4bHy1t_MwtOoB7duwN7j3F3QDgYWW7PRuIuOYDH7GXeakkv6X9a1htUgvkkx94X5LswPSBxsYTG1BRC4dpiD3DaNHPDrp4B6pN9qmAplgS_z76_TT5j8ptp8KWrpoBLqLgLcgHLCf4tnb5-dM4PZOlZUiT_nEB3_GrecckB2m2fEfR0VGcTJxVvbrp2SvgVvqnvhBvDFKJfO--WJqnD5TUzKWpZtuNvqx_dPicsw-tXnqY4tsbY1qP4ktGb3p_ShTj0UTUBUJFYCsC0zNNtdNU1buWN3C3hnqDl35qgVoqVEnKBZBAhJn-oP1cMNIZxa7cDRl_Bv38l6UVK4-ZPLeHQtBGtPQVX2auquGW92xA=w1920-h913?auditContext=prefetch
Madscience (Clean)	GDX Labs,GDX,Alt Cover Art	https://lh3.googleusercontent.com/rd-d/ALs6j_GUx3HAM_SjoeM0BsD45sf9b-SLFNHtDgRgsJC-lY63SPbnvcml_STZ_C_rxISF9Gx5-gjtB2lahoT46p4ifgya-CEnMHBjzNdhxvaKpHLUXPMFDKuOspD3Sh5CGZmInMwaqBhFKBInbKz0TiFnQQHwG20wojnkY-84AQLJ0o8BIzOvsLTs6oUTZojYUaQyDN2tcaEBVHLUGpN-meeuMXfhDmmgX9T9YHMfVlLCDtq-EA0XGLjqrxft1Wy7fxZpipLM_bQM7N-AN7uao-IWICd4xyp0rh4Z4KMV7mG8qwIiqS1vf9Ci_OfqaOOyroOHqJZq3huVjZfGhH-vXhsFlGFVhXPb0JdHtNARDp4y9Y0oLRDHEjkXnzQjdx1VdDtHrbUwi6sLKYqJL7IhGcLQeeHHCZe4vcG0fHZDGTgfu6DyAKX19zBdWGQyuL6htS2iZjqrrlyXcNhj9rDglWyCOMP2vXJQZvBztV0QSCKbAYydyqP-MBospRbz60MV3wlDf4lT0o959JpelxIZ6a9jDlm9SW3fGkA_aYz64WGWRq1WWvj7RmnoHmy6CduDe0baH6U-TWRLGlEixgYB4G6yOyVFCC5FiZVmks5VfYIrLqBGMjfcIvV18BFmNFzbIxBsU9vsbNK13JfkuSclp97FuILF6CNyuG5zmUSCru0iIEOfOf6BcvioPSgTcIMb1OQpN2n8yTN8b76muqLkMb-y3TxZb6UeSxMRvcbFg8F2um7Re_4zUilbYV3A-8viGyxB9EtiOFvTvAgUhNsjq7I9ppvcJOpRvteyDkTdr4XBp-TtZkolu-_33Ce1J38kIvrWPZeQ2WcvWQMLgI7nX_zYydHYFOgaCsR3JzLuwREvCQ9BbT-ap9cwTQv2k8PxNh9V6owP53tjJ5A5KvwAijFXaBaX09lN3i71XPjvhTlCEymPR9_8fCvv2NAV8P5AF57d-_u823NkDTaUFL3yfUi2tDZXjW6Sh-wh6lw0wts5ie58L-P38pCcxzd_yLcUgLDoGPFWYUm-6iMcfP5fKu_pytyfJDMXa18WSTw5Izvkpkht0wqoNYLQi_WswBmYhu4KlSKjFYdZflmohnySGJ865F54dZ0eSOfBEFtplHdSOU_YOYsjuOoi=w1920-h927?auditContext=prefetch
Break Butcher	GDX Labs,GDX,Cover Art	https://lh3.googleusercontent.com/rd-d/ALs6j_E0uIotzBzqAiVByY0IVwM9T29UQVlMJ96ZVQZgQHUXwlxYNbsRfNNbXtiBKMEdgEBQsFkpzp-x9BjKqBsVFD6ObYYUMtdEy58f4kL1BYsgbAhaNMcxIko2idWNaO29kfB-Qiq2IBk2wh4CZBUR1-J3g5msVztL7CCIJW6RsAktHBnMVym2bd_7CipNvQndjlgzltO3Q5ZBJWeq8F7xp7Fm6x4g4KQfp-UhvtdGdHtnGFcuJu8nBynf2l8eAg5doRo0ZKNXwTw5gEtzy942ZmFh9WEIrTiF8vcqE_YBn_W53rExyxK5sXqWJv6FpXbYX3WJNJkup7JrAU1hBC-Bd3NoqNHz7qkJPKR8pRte1XVEGbFV0MWjN_ISiGqDPLZBXrk_DMGXV1ALIegEDQxUMmMbg9O_nopGG_cDt_V0LfEO1_2UwutfJD_9n8vgAvlFM9i_MAT9LcZBBVQ3cIWtZv3xcgJ04084vpuZP_hr9gyL_thuFPLHAE3qZNuk-EAHMmEHX_NDOBMCRVb_37q1FaR2GDVkNKNOAImBz6JgkuXgLL4fLtlu1CQXuwD45QMPnH0a1EYJ93wmMloHE5qgMvfmJFkT-BmKoGoYjyAbPb3CNBEh-7twQ8wVqn3lHC9bdy576ChW5WPQqBOhAzSVno1yUDpnrMbNakFSQWBrXp7xfg6tcR5w49TIKlXeycfdxXDpPZ8esRN6ys6oEXwyrwsu98PiuVlbRM2_ayg2_cCPR0ev0uEoYhd-oiQavLPbdPcsBvykkfyqvpTkYGjZtUmnNobglefhvpe4a-3A-s6veu7sQ7kY5tj54Cw2qqNSgbMW4S6VlXernmhh1MhD0mh-7MBP2IaLQH3kzz2smQPrJKPCNqfrzYUhnblGsCDxwrANe1ywdk4SpKib5yfiKpNrDZyvjVlX3WxCe8npew8JuAyPtWwx_gCHZb0eLj3y_JMRSEMpx9makag5WYFFZ564Az0EgYfVYFap-0K45w0sExEvXdu5u-6Y9lZSoHkxdHTwllgePxI4M7C8f-0yL9Yn7l5UIgQrTdx9gf2vkuJMdJNk6flZNMsV9-AHBsgFw54qpvESiaaQUgWJ_8o0jyV4tSFzMlWEQ38PWHm7CQgxpYQICzsf2Q=w1920-h913?auditContext=prefetch
Break Butcher (Clean)	GDX Labs,GDX,Alt Cover Art	https://lh3.googleusercontent.com/rd-d/ALs6j_HeJCxgaLr_QcE430zVVYPmAqrplru5T1uEmD9aG0LTKsFKV_trWfeoo11lSm_X722Lslr3ziJcxl9AUWazsmGz-2-2lduoy72hLqpo_8noNGMVnQt4OMBcUlUYX6j_BbW6Z7HI6GwEv-2ackY86kt4yHriVJ5Vsw8qnmmBuyQ1Bzl_vesBJPEw-DoVW-_Wwks1tdJLvVNnErC_iFtowQ1iyiQFKYSN_qGYLTFU3L-dE-oO2ZtIopxTd9lsmwO8e4St8VCEQ05rZ3abWYySJdANU-3FbYz2X_zN8sZ0oOomRkOsbCXzTkXObY-Hp48ZwP6sUScIDWr-MxlN77HcqhO3T6RB-7Ihh885hvEHkrfStpSkCxuM8Uyuui6-qqzu5xc3Ve5DNbZt2ErA8ACOrXQetqDeNX7d97OPQwssuOCv3BpKLYgxg4wKQOX4sMBFvy5Vru3rCUaaXbCDN9ZXv0qnmGplh95zXWpHA4DL4v4DkTvOuBvwdU_wFlQQBBvAyW7RtCd725fckCnesUFTRsopGnLhAdcwruK9FH9t1zrlIVkHChbyrp_Yuous1xfgakcpbIBmBtUsEYQtEOAUzgjCmFwXOx_WECV2rZCx5fMsPWoGzvL9REPr1l-cneBak_E4wqCqsLsBpmGu8kCsK_7-snDd3rvLa2U8RodY9gnVj4oyyYj55cQ4pvHpunNXcYhYItluDnO17OiFRdRuW6JancIPhgVdFDFCX6ooomKQ7yvqXmjuDb1UUWJhlS2kFXxQ5CMrOOZfk8qkIv6gzym7E81How55Dzhhxd7xjRfgBMfbUOFsnDhBnxd0VW1vfU4ny3PoyS66wnLzTx5JbPmkIvkoCrACZQcYNyCH0UbLnNl1IsLOXbfADMQrWx5orLcmRre0c2iDssbfJbSO1_T1YgfOWTfefl9KOvUTA4WFhOqAOaSn7KPCxUkihRhbpmkp6AGoRZsZq5QyWZMk0QHiIeCETg4PvJtCCXbPfbXji9itU_1B4ytAgWe2FCOyM44yCRyWE6DC6F-nayFwGfC3KpQ9mTG5C4-CWXso1A_njrozymaT5SAPpaOUJ2-ANn-RVjluAT5aNlLtGyVLme8S-AIcUEV8iCi7U6RH4mgsDSYocqeT=w1920-h927?auditContext=prefetch
Break Butcher (Wide)	GDX Labs,GDX,Alt Cover Art	https://lh3.googleusercontent.com/rd-d/ALs6j_F_DtmYuixLuleZpJU0_n_8AIo_0_eU6tY0EjGwdxPI8LeNFj85LjJO6YsOkrVtMVtUCauZXRK0B87rzmwWgJhKx9LFPPMwZGwn7ljWsFjdpmh4EmlctWXNib3rlxu7BfyUEXl-puUz2lZspQqXESsyzOcfcZGdLdEq1TK1ej0zJljKGoi9xLX-XpwQ5RL9gStu1xz6OI7kEgENrNotxjjJAwTTIVGgr2V87XwTQC-NA8SXJIYvTh8upVQS-5O04wbkDCgeRbMLjaXaszaW0GDWuWmD8pit3JEjwO5g3Kc9bR0fsfmjNTy9AaPE6k2HD3hyTsPAXQEBUoq7kgg3H0Z-s9tbXYdm0wVshO1odzeSDgJRbVyKnMyGppXsPpQk29LpdhKfb3gkbsCq0KmmUBd_OFTm6XCklGaCZhtSm1Kq-OzZoWDD6OkiH-dlemaArTIAFo3_wV3oAMpjzGAhcsi2FgVR0km3GgB0KQvzFupvZ81aAfWI_NEsxpHWO_mncm35yLUeoG3l-r5VttiLy7mFDf-wBPg8nO06mwvfL8eFGaVV9EROcMpbYk5cAnbJF1vFgKm6SB8cvceZJntfM6AfbmUYRl82CRheSCCTp7x3n_ilIJzQNIwKeI6J9KhM-5zU8PYS0eIn2ZTdRiUGDIYaVJUoyD-RFiEe8uIxT2W5jf9IpXz2CdjYsbT8dydD9BcpRlXnYXSO550EiEUevlJ9ms-v7lc4yvCG9-HKC7xAaKPa5iKagT735CBbiTGN3_Y8uLjG0qGXWAYF7Ue7spMiboTMhLccem0KpNMWJnc3XcMSpBf0Ko11IFEoyF_J21EO7jfBPRutFXPNN3w7h7rWpHP0BCxqWvvutbPheUXPatPrkjk88jw-8ZHlNpTweIMxWxLix-aXot6iRhEH8dQ9cM45D5ocOd_yxFlixaa94ZrtsXNoLfTvx8HFX_iQyIaZBNnXOu4aIIB9BXPrgonDhA_fxhouOZ5mrrJ0ksD6tRh0sOYyQZp0CPjK_rvbe1P25WPWvJ_ILqQqOyVklHIxL2c36L7bK5O_xQXoum0tEFfX6Zbp7flH6ZazlkKobZTXgb_jkOfYXlp5FZbAcljI3oLBRw8fX97-fLeASVl6I-eE3YpQ=w1920-h927?auditContext=prefetch
Madscientist Groove	GDX Labs,GDX,Cover Art	https://lh3.googleusercontent.com/rd-d/ALs6j_GLeRApktlatgQfYENCXLA_U1k08ClJWFoEuqvtqxtoewiK6XjFPWW8MgMqcrBuIgqTuVaDKx6UcLmPsU6lkRIMFE6rGIIoDtKTRUaz5wEKmr-SulFodcPr2DQuLwzlKehAkssO1MgxM9rGazEZzorjUGICe4rXfDBkFV-YtzuGW1mASiXtCMuF5XwN45HjvkuRiM9HwnWiDsPwxsBZ0y81NyaTMg_ujIk_YJPIvxh-Cmd3D1ddrRG7zJRI6GONUaIOBoEVhixN64M-0FQugs1OW8iTMI5rxrnV5Qc24R5HonhhFXj1DSYjDc1ukKRPbkcY4kxePlz7-X4xZcrc3AzdNTPii9h8AmOK-LyIvz470RsH7gXhlfo4nqz0eaVSAoYgXuUhZ7_WsWXPA0URd_qIkOukDUal1IOiAFhoPyPGMimHKakBaaOEgYbIEXV9pjeN0A8WzRBIn0YJGqDXHMbFu58SAIl27CRtSPmHSItW7nfRPGMqxQBl3I8xGUf2TKlx_PikOqannHvOwUPiI3kG2moCDT60tguARIrow5MBIy8Ttg6UsY99sMKqcuGWbrCQKcd2h0CKRCVbGM785IZfbHtCLrI2udeCxnVQx5QwaeGKSLycgs4TMHuoSowhuSnaCKbpF42-Tyh8k4DsbXSmWKk9H5MrE6VO7HqdSFSAlmFxitZwqYQSRrqbTqEBHdgDDJzF1evGuiD9u--nd7hxb6s7b3o7x8a_QhGDlGg2pwp5xjlSdK-BAczt2BPIjx9WzGl5Jr3-c-sWbDZrozTNNs9Efl8zAgh9PlDrryCqaXFu0B-W75Cn_JR8dOqpViwqi6aax_IgNhzLsmwDBruvLRA5M4WB5U6HjoKsOenX9hPyEThBTjXlJ1pgAEFTy1QifyOLCAQ4F2A_rJv5d7widHvQ0IMHeXG0Ap_bupSSp4HvXEEpX1da9bl-w2JL2RvSfivUpRGl2fLoBnux4CZdCpz0ssn0V6_Y8dSCSBZ-tBc4TEe0WaaZUO7EOL5dwXwTZj4yv3DUhBnOzMbR_VUR9s6tbb86IW1yhUvgGiwaBUx2TP2hZSA3A7av2v4FRwhQqqLyHtEz3R1jW3eC21ysK6FVa4pJ0Jg3dmnpFouVt1f6hE-UOg=w1920-h913?auditContext=prefetch
Candlejak	GDX Labs,Candle Cat	https://lh3.googleusercontent.com/rd-d/ALs6j_FZV3TSxcT2wYTP709mZOnPwfSyewOxyg4wylA78kl7EHqHeO4VJ0GdsxV0y225A7DDrf9oEpIIOOlFSXVbiOkas3MRK4xq_78PsCHlBuPK-R5pA19T5JTILAGCO7Co3K3Yzk7_oy_OQbz0FUmMtQr6EYE1YmhnZcFZFrxfT7MxCY-tqpHga-3UoBQBCMX5oKiWlbzN73xOXArxCRPIf1p_KbhUzOFkP1z67oriwZNwkiIv49RdRBALFuF-eK5gVteDNPKk0E_ObVC4p21fWMbH4tTr4vv2YTB-dK4kXFchXnVQSaTZUkOQjqNQkBEWQyw33kqpfbhpLgvGcknby0P7Pb1sldRS08-kNMfPE8PBVfsBBm6c_qxidjMQi01Zr5mWFE1didqVnnHJu5Sn0kyJzS9e9NwjhZZvP9xJjTd28zvjJfq4L3uqQdxiSv_JUMQzlTOyb7tX_ZJkIPhOfV-dcv85XoS7CVa70Yc6W6SjXWhjK5h3S-G-vunabT6SHcc7jzwHdb__x80TJVGV3qvCZr7fTUE1Zq6cogISPyFw8e2TYgMdMDdK15JZzUqnrqCIjBAR17zRpCpO9oIEEf-LLn7EmuZwutCuFPnELsdymZkLmFHPGjnKDomPDxhMU6_eXk5G8I9pK4JXLslSnhF6fKQmejf1v_YB_bCwhW45UXfjlDZ9cX0UA3NyGipSjoKf45LHJL7MOgUf6fuUTa-_h54vtgWKHLJfUIQMykWNVZaE9CVaxXwyOnLQ-SZ1Pde4FW4y_dSeT26kvr_er6acqImRpvoq-n97oVcCFpWlhWQdcoiGfzcSA_37JSO7g8RaeCnSTpkWds6m4scqQF0x6mEzcWbD3QYd8FazB3QnXf9LnlXXyFViZeo6-k_Ay0Ac8ERkZzEmZfYYuNzFPY14T27iMHztzneI-8LdoowCr7OpDyun76jGXsba9rrcZzRM1Ge61rD0YDNtjX4g9E3gun_DEifKTToMaoZ0EmPiMIhXFqHrm5pJKb58S-NruZNzcATfPxJIMwccylk65Ju1Z65Tmd-_0cjJDYTV8PlAysq-2ilxxq0ZHNmPMzcef1fBYerzITWA1dUSdow1ZynZCW8NzoP2TYXFvyEIe-XmeyTYFPEV=w1920-h913?auditContext=prefetch
Candle Cat and Candle Rat	GDX Labs,Candle Cat,Candle Rat,Lab Happenings	https://lh3.googleusercontent.com/rd-d/ALs6j_FAO4yXq8v-C6-TwM3-0-TJ2nNlkoi5wv-T97ssVSRR3lTZqnCKT4cERsrUM8fLF7iAsPNedDU8R0ahKrUWLbcQRZCpe20g1LLatZ0YdmicIyJVpcLudVtSzyHgMBdnK6T0RiKj9CnoQM0NZ_kCVtV4SqiG02xqLgXg_RcTpQs90aTgp7Py-YLoVGBpeLjEHOAs8AyVx0TLkZrvzAodJSRIsHTifoVA574ATYk2fB_0Ttru8bf4H-XlSje_0BYHwnC5FP4XpBnOaU70UelL2HDAkUTx6rGdfUGidFPfth8tckSpahGJJG2KJZUfoSx65Wf8Ms0Vx_DA9gnkxgKLprVP9M5F9aw-RLnekFvmQlPhUveJFk05Do0fbdj_F6m9Bl9YYhfKXXEUvbu0K-Me0CHRhXWvuW1p1z_1GMsJT9E-PZRIHDpa_p6xlgGqNkHYJZIheFMK3af_Krr3Bv5AG9KKGxIFY0vJ0oyXhjG99NmWSB_4TR9cE9iiOpWhpdQ0v-tZxAhd74YjqapmJrKk8Fjiqu2aIxHGCUrw4isT7qeWLQ19CB-AQx-ZQvmVX9Rps4R6WTEw_4I1LuQ1nAeGF7wtIzp-CXTagcK4-QjyPS5vFPBLHude1QOj7M14Tf9N3QS1rONC56S2OW5YZ49s3cxHUEiBPINAUbFSxpxKqDPuaR9eV7Ro-xLj9IqYUfTDg3Mq5zZiKLlQVtUG3qREvarceX1BOF5GnGEpZ6hNbYEBsqAKxENT6Zj38duhy6snKGtNJIhHqgSIfVcpLos4aEN3nShmOgUMflhLCKJGm_F9Jxxi84tKyQLNX5E9CaG_TToG3ckM5cM6Jj84bFgxSAjOKhvtHNezihl81yAgWhHgPfUguTQAgdYeWNAusDIb-APZrTSULQns3syM6L5eiCprYekOzjAIGqZErxng8JAunlfHLKlNHBlnG_qlW9_LoP0IOppT6HBTtOB6fl3CWmYBynVDoUqUYqPG3fzfJtdo-ufhG_VMaSxuLC1DuYt9xGxNMJmwrPfduLwXk9Ae8NNz6QO2hG5NZaXcJnf11c15H6iYfIV78urYRjgrPeYuXE4Wrep-eUsuUw3Xi0LI3YHsH1KU178VMXgNvBB7MGjdT82wV2po=w1920-h913?auditContext=prefetch
Pure Holocaust	GDX Labs,The Candimals,Candle Cat,Candle Goat,Candle Deer,Album Cover Parody	https://lh3.googleusercontent.com/rd-d/ALs6j_FjDq-9n-mE74nx-7z8tjODV-g6snt409_50_CbMGVFN-qZhc32y8jg-7ec_XbBx85dsW3h8IeMRpkQun2lztGiPjwtMZ4CSsovFeQ63PGL5QrZjiGNpZTM9V8i_KtZXNIuzMi-mYCH6-JJxECTh_QBtan2UG7qWkDNMQOBLBL_OmN9knyGG-jDs1RRSNqutsSuiGmzbw0oDJ3wRlisG0AmBFGQ0kFv9-97TxAIXjaFRg4jS0Tj6TeAIPq8rnTReutjLLB1RvrNvO7c1qcwEeW8RaKpYSnBQv_Y8osjbeSjAsddqiaJzxa56ce8h_Vh2N7guqUNRnyvhedO9_rhlQbH5MMv135EDeOJSoaYv6MHuJDYN8wwFlCjADhqhMADfd4cHGSLCyNFCTqfEzZBt0F36ItMiVdu5-XZBhjq4oWEBkHVYROXUS_p_x4ASBwNKo0FOlWrEgWOtIhLGbhx4gaYIAHJeNlGfC4UhETOFkH5jeK2HMBk6wm0g7mdgn5kTNrWyqvC_ReVEd7xu2Bl-JRp0NQz7ao-k54ZHKHv62XD-h_mM8kc6Ax11EZ_w3BgowFK_7ocmppk1NdqpEeS-Elj88jYWbWD7vsW0446xrDOZw5WCpLbf6f6ZEPJbwXwcuoRyLXW6X-glUP-8LK1t2T0ECRLYHqSirdWyo-KIL_oEY-2KzlvCh9zsc8jf4RYHbQWjBTjdtOgTAEXeoIGmFSfX3d8-1MQuvYlecqVFBCjInNAQoa-XNHVysB2sCb_9st__d73TBQaDBissUZgkvLG-ok4dUNi_3SiLGM6maJA4dawUWheimX1783pnQOauZzn3UTkqDX3fF-zqwbtpUu1Mvis53D0FiXRIkrvcNnuQdwVuu_JTduOVxrcIgLPFN52JMvmP9WHpSoppY48WJQayJ6OPaJDHj1Nx5YZ8bJjBvzjafc1k50GuupfVJrufwGrZwZ2dbJOZ2h905DqCk614x-4iS-6oMd3x2aboFNK4TsU90JmWIWiFwyu4yaXPt_v2RJ825Me8PN9B-ZozgrHX3kZk5gNqD0v765L2ZCsjUsglwH8Krc9hiXhtxReHy-nWo-Lg_7riQ1LHB9j4KtoNRI-2it59WsH6KaLDkRzAHGMOBWt=w1920-h913?auditContext=prefetch
Pure Holocaust (Two-Tone)	GDX Labs,The Candimals,Candle Cat,Candle Goat,Candle Deer,Album Cover Parody	https://lh3.googleusercontent.com/rd-d/ALs6j_FkC_wCFx4hMa8cuoMcIbgEpJDLRZ-7gaAPmfWazB4XMy9m4PTu0T6MDrL8eSbc34WXCMts5wpZgq2a4qOHl3I6k8JdUalnAMTiE9Bi2FfWa2XiJr9GWVbHLGTOFVtenjbZBHPRpDgtOcfqfSE-raXRbvYz7oAZUn-qQ7PaCxNuRxNq9ZQXQuhKYQh8UMHfITkql713iU5cgkDlqemsh-GZM1d4HfwZAMZViU3zYluBZtK8xiX9RIwVVSN9cYl6bKMAKLgXrcu89fPU9aiqDqeUgHihzvHas2UkPoeCnk6pX7TleQzc3J-3ZQvpRfAZ5Lnspk-PI_thcCvkeSdHAhl8MS0IfkcUyYh_T9gp7Kq4cuEt6gL0BXcOnFvZ24_akv00x9G9POAT4Bf4yPR8Cg4sf2QKLKycCxrKNyTkFHdh6jOkdD0ueTB5w88xQ1Ma7j9qgcgK7uZcoVDmJ9-pFexq9hm_CL0sVLYPR3hSyWrWWUBBlh3SmOF4ZZYlo4t6yq28Qk_VE2yD2na2ZyIvWPRjLeRAFCRZFD0tcatxcdPKtZ9A9rQxKXaV20LU08xmJ1EF_pTatngqfLbYmVw4eBhXGHhRLemzNM3IFeDibDqh50xy4KiAgaZeUYjAq2TjtamrT8xghiAbd2rqus5JyQdSpChYK2OCh0eQpykz_jPNFo4wQ-f0bWfKa1-dUC_uAHp2ej-L2B0GczGf2Ar2wwAxu4Nn0fWJmaufZp21glzWVCsO8NnYFHfopcK6GLFZi2NMuXWNhB-gmHJdQy81Er8JRb1CCEQ8bVV8BHe6Pxm0OahGCW1CM-2aoUKrufdQIzG5Rp2XsMXvrxwVeV0sbcP9CkuRteZ1x1QZPDztJJeeiWuzSaJKXeGVEE1sh2GYKYgejR2tSio5VM17-f1k-dJ1-8cLp8LbgjKVd3f3pfhtbvJlv1--r4i_eB-slb2k0zyycCn3_u31GHYfPUGFXpEuUkPeN3KaihuxcNmI_xcUyoJfT1QGRZU3xrTnJd4RtMMPOZ15dcTGrNqvQghZuoiYCIoZajR27EN7Z679NkQz6jAazPAGUrsygr4sWrkKguEHu_Ll7SQFUdktODyrLTG5LObwja7v5ymhMnJYGCcaInHgmdFRfg=w1920-h913?auditContext=prefetch
lucyjak	GDX Labs,lucy	https://lh3.googleusercontent.com/rd-d/ALs6j_EfIMVe5qYkg8lT7tsljFL1Vy47Qf5WvXVWbcQ9esx5IZqW-qSTvinX0TCw97qsl949WjqgXF-Gapydmrs_ynNN0XSEBFtQLWwEW8H7LtJWVdzGTfvBo4VgykjnGqq-YWws-WEi81RkOcDf_tJfL7p4ZkEfU24MlrikCNOS67zI9z65gMBgXCR49B0rHjMFvaIyNuTmCqxgnZqlj0ptTJ-yzZ91s0xSj5cBC384yFhns1r85gYkDu8ry7UvFJG075deVbkv0WRq82J0srFe2Q_k2EP9KnTFAU_urcE1WwUtmXyumVpOFo06KPMoL-gmMB03afJE2s7qI5gxxVtT4-AwpJnpd_cqvJVGITTzBXtLbHlY8fq-GvhSpLks7tgQnHGYlItO3luBMsWYhlp3SVGbKfG42lmCSfgn0Y9bzbxsfnaTC6EWIG572Hw63XTrjgSA-MiHTzHWNrpd1fs0MTjyncRYKtsNQOPKSa-bvt2Ev6sisP7S5eV2Oyt9DMiuRdTkwuTG_bowA1y-Q-lub9tUBfK_GNWl01R-rSM1TCDNbTw0eh7fYGZefOHpNApNnrIfPVy5gqDFLR1KNbwsu7PC3s5AdIlmIUXXO0K6SJLifyL3UEIKRJMuhz3sJsibwNlHNPV0o2J-5adnQeOwN62O63yyeS3YyRVTMVwFZGQn0U0nJvR50lBu97qMwJe6CcbF71Z27Ll6a1xAHDB9F44cdluYNmD3K53FmKOgu-x1i1CHMOLsXkPasL-aiNvkJ401qA2SqcFP0RbpNcKoCFr_NilpSte7LIk2JrQssJ95lSiPJLwJ_Li2536hJtxEY2xYcxyGUT9A_t5YvZkoUKpm8fmbBoPBgAhQmauA6OqJgzHP-RzTRGMEA6ijd1I2O_azUlKrd7QO-Fwfs5l05GYi4tzqOHLCqXEJVxHcdwPzyeAtayWPrnCWn7VyBPB6pCtI3zzFluVb0kUslklMiu1Ado-m_yh-5YyIqnXz2vIZR_2Qtkk95o2T726JSPb1C6dUX7Ow2n2xvlspTk7uw3zx8ulUzqS86bRPFUBFxwusfhXVJBbj0xex9U_4qZiFEaLxx1zd9XA4L8JueYpfeCPCKu9w83krCMB99gigcRj1qODfYcy8Jg=w1920-h913?auditContext=prefetch
Is this thing on 1	GDX Labs,lucy	https://lh3.googleusercontent.com/rd-d/ALs6j_HXFUGRHqVo3Au_A0ztxn9qrNWxD-W0SNB0HgB0A3AyUv5uisaZGHJNKtR0O-wVAQCxs0umGjEl7-WAJw8T73ftE3gsmPFryVN4oSuZ2E-cjMRb-tPbwhBJGXoFIcA9x2KhqlgIOhL29AgcHcTdUSYUxor5o7dN4Y1g00dRzjleUs5hCQHGfozY4_y3iTY3F3_RjN4pi77jWYMbP2wq9JFveS7kK0Hwvdj608prcVYoeDarp76vXjnjDcBZxu_Lr-cCyWl1yY2wNVwRB6AJbpcoXdZ9lpzKLYq83OXBNXXN7QAk8E5OjQDBqBD19O9KMMkgJqBIyj05qoXkXStP0GDm4WqphtQAvyctmgmdJAhuuQwT4Ho7yJQk8fLpoaZ0RUWqQkg06ZpcjTHXrp7SdrjjaHObEKRcjraqoWWda04FCvxAA-L-lFvhyhnlEOrdmBC02ibhiVdhEGcmOj_cFWGNZJvfPYz1j9SFeUoGbU2cA9gz72-WDKRNtigi7iRhd4DXBYYWb2zcoLAAJx2p-fD--74i9-OHWXm1t8_IGmEGio9EJPJWuz6ZxdUl-qvKNsxAoF9bXmJ9SmIBBh2AAcH-m9RWWR1OtbC-XHTMCzrL0Vo9pAkEO9P8MTltQQjQu_GFEpAa7Vg7Fg5-1IqQKvdywUf7GEIoOd-CCxnSICZoIkAH6ZB99-cl6Y_AQKQEB321aIWLtoiZqaMWpeyufljkLkWQ45cWHMJA7IppiLMudc140_bFBhs6Z7CfFZ228jyZwp0WUop51ZZAjsgKw1UgY-iVEVrAsHaxCMWrZh-gk1pbOqsripmMz_A44mruOCvlQMbPqZnhxpeKccT00ZX1rvyrXm5O3ekOopuu5xjOhnw_HOT96RZ1IuQg-bQQz6kHajmy-jm509ChFSSEqMnhas3_oc-z9guFNfT6JgtGOu4XiFOOgFoZFsSQE5su9HnMNsYsT-t8kFJvLlcN79uZqG-Gli13Z-Vckqxwbx96tDfXK7pV-KdfS-ExhXKCHYckS2i4UEGyONs4gxJwDHV9ZI4_sZsmzxdnr-4hn-AKxDLHodNf0n-CPI5sWtZCIf2i7ClkBE1V4dd_0H-y5wmNElp_2gN5j6HFdu8MVqBRAgKXpe7RVg=w1920-h913?auditContext=prefetch
Is this thing on 2	GDX Labs,lucy	https://lh3.googleusercontent.com/rd-d/ALs6j_EV759sUnJD0Eib-vpz_hdsmIWS2IIZpKrootABfz87Sjk_5GLzLU4R-mBrQFgLyExFVaWcFvmEll3Ix9Z4w9mVBv3G0n3HuAqkwOZUOKlVILbhvlhMCjor6MDsDlrRHe1qUjBgnhXBBqYpQkrtDunTDyI3ALUpO0BiY12PNcHTw12iMKeFg-Ypl7xovOKvOtsCdkJiJGFHS5nMXCnjI97UmFx1eNsI1ujHCMwQ9rR3DJa7qxwRtJ1UTNiDfcczVqiWgLHJS-k602_9_Jzw1hGzB27HRkJFxOMYDkFgVucmiT76pkIO-aq06JtD2ScH1FVrSXsuKsscSkRsOzFaH6qobvlNTUUeGLEylCUoLz5vSWHoDY1NrOrHvssWYCYivvLezz_zCYqSfoljSju4T29mbvM2MQRFttCLwvVGSz90gneLNNulCrqOVNeEn6hFaPmmzzuYhN6P_EMnZtE8Rdmd2QFs6LXhU8eY1hDzKmQTDzhTKUsyyA4ikqOiC667YC11WvU1JbWKa5-GVq44VUQdrYMVt1P0-y-TXtdHkdNeBvLicRa0r7s6tkRpv4p12UEzKV8Kp61qMeRpHSwRkigc8_fmLBAhBrp6oX6ihTUGkilCXqlBcVrTIRhcELoUF-HdQUdXE0tuJU89cd_Ijx19V4w9PTZ2RZcuk5gtsMUA5TY04ew4O0Hx-2aDSBZN904iD_pnhbVIYCHOcGTs5h0_ZWnhaDaUMOyojvCh-Y5lt4l-GEZIAXqSmgIR1i1AF1ur6tu8vMsP1daJd7UImKZKEdtkwM9RGfM97CRws9KXC_P282BxBRK8T3SXtkmqxp0Qb6Q9Uw3T0p3wdl6KxYqmFUSdV_FGCsKlL5EkIZt8BLGNbF6HQDxAWSzkpIkwY71QiOnQMxMu1qFbgcT9sFc598rihbvdt77xgPwqeWPqr77eEjLjL5d9X_yigl8hgW986vWgmsHvhPmY6nYfk-iQmwTkacfo1WbJ3MzwM2tvBL7xOLbLdZkBJVhTFcc-xx0c-_JLUzFLN6OW22R6ooCtIjAALQ7OxsMitJgqIyhns6T3vksza7onlxwSnJ7vmqrwpcGl7576vgBWzVFU0uMCEUZbRfksIQ6ej812n61uPJXfssG1RA=w1920-h913?auditContext=prefetch
Is this thing on 3	GDX Labs,lucy	https://lh3.googleusercontent.com/rd-d/ALs6j_Hhy8ihKWmqP7QnDQZdKSgJbVW8MC32qy_KQuNNJk1BowwsnauOdY-DEgJW5PHqlKvgTH-B6lWSTbs8ZIECRp7glC3VTqhd2qU2PuZfQhceYRB0weCn-kzZSFSvv14SWQKZVMngVrthnJZg1pHYJnlPMZtfM4NnbeTI3IgHxo4NSTrWp5ebQYDI9xUWXRcjLpfEv1i9pg7v5TuXx6W7zlZyAhXTJmknTOWk_tdPP7d0qXbW0bk8bmQGuaVvkgoe2sGbF2FoQRfLwR7Ir1fFNJYcl1jcCo0FFlxzLw6fC5xd9HEREtVOj2nTRpwfUtbdyBHvuKAhmw_FFHxD5BDNtjMaYgWKhZ_pOjnQCLqBmn3nmOXi4LCDpmAEpdrZhBZ7rmVrvPP567YpM7Voz7xQXqzRakwYRzl2alsl-DN8WAhhyhlZrOetNijOqnlkMnV2AkGXgseSEYf5P3FMuqQO_K2kO8iUJKKiRrBs3ES_c8B7ajvvGGagIgieuzl7Y8Aty9XLYF8qNEbV9T94_9gnPjfhCJIfCaob9pJk2JyNiqddekgSghkKUqIpPauLp1uz9WTKWrEUCXeZfR-C0vANwlx5vDYKuFkB28dHRlwooulE53hJy8WjB4WLziVLw6oGEXinH7A_g4a6lkNCITtPimdNZ-HNHRBqHrFksibmJKOoZNqfPAl1lrMJaREF0TB6X7lqDE7GiOZJj8smb7ErNhwwjpgX3pQG1iig6a2oM-iNVifOinKrNY9_TbBXJtl2W9XYyBTlFdZOMhvg00BUprkE5RUa7PUln4Pa3srfgMDoJcmn6fiHGGTeZ-eF4tmFYLJpuE4o2ZZ1MmGcIKRZkAaWrxLVTxpWMkOCcQBCYdL9dUOfrG5gxlqOXhHfZx5wqihluH6h4Vb7K3ww4qBH1G9mu8w4bd8Y2GTMtA_n5E7PHhXZ3wXWN2uTj3idCOlJpxEvTCA8r6Pi3Uc2WfpUm6XH-7dXmoGcL6Zgqxu1NLjMpQbc3UomHsDh7K-VLqErPgcUNppAoJY27wWr6_MMW1UNucAyqo2h-VzhaIZqJJj1kDl8873Gsy0qUTZ7na5Gv-LG-JLdll8G9qG6Hgp1dC20P44r5E5ZuPL9N55e5O5dX7rl3RST=w1920-h913?auditContext=prefetch
Candle Rat meets Lucy 1	GDX Labs,lucy,Candle Rat,Lab Happenings	https://lh3.googleusercontent.com/rd-d/ALs6j_HI8I4XWSafjQkcr8zcZFFdl_LhCvlLvqvUkpN3BpsQoTswMrXZDVx_VWvHVZfrvjLfeRJ1sfEVmzdOSlEg_p64lkMka18sGcV-Nw5KY5Un3HeYAmiUE3_b7OO9w8qZogmJu5FcbjHM4Wv1qOWmkKegE4KTRGtG0VmkY2mNoeHMy0uRMHn6p_XietkdMea-Cr8SY2Pdd6FZLM1Sl7zQCmGAMXi5CQn90W_Zo0T2Rxyeyy21h3i-jGpIWOwRT_AEbqOu6HP4PlNBWV4tYqf40lt0UlrW7lm43eNtCb1NEfv_3tybVlA_e_OfgtANMAc7wK8xS7mgkYSfJr6Fffcw2ekWYwc1HjmvaNyWlCXtVv_nSWL7c3kSPg4VvyEsK8DYZYaVCvnE5P9QzH6n6vlEohhPZNJkOAXw6_wl2lUP_GYoLzqGzIYFuzCcS2ExfNVmX6k_6i3X96bAQHvKe1f995At7alZRfjCLyBySD81-1VCsS5zmOz1dxFjOX7m462LaJK0Z7tt_VUhKC6LDO-mqiIzoLSIX7FFzg3Qhl9gIV_-OiV37uaNYE4WLCeGZl-B-6v9GEOOW3qZa_1vkC1GqXOHhAhvzjyK-TL4FSAbthOSgWlTXtivXWi7yFuakZnt5jCMaUhpKwzaURVbcAEwhv-wrm8djZLBzbxE08Y5sJfBE0fUGfpHAte8B_6NVfpLwTygYa4EkIfXtEilyKOrLgzVMMIGJeUGnyGbTKSQhHzqmo7Ls921tf4syM0yz8Fng6coce7qcxu9NIJ4Lf-zgTSP7pL7-v5GeZABXwbdrc8DgcnvwHVhKNP6hRZzjUqa87Sy3CORG3RYcl7ZAFdGsHjFaNWwbHttIkiANEz8dqieGJaWLDDzvCjlQStZ6xON9JI2QTi4vWRlgIVQQI3iwMppMXboTIStIeD5PpF-O0y4vKRKj6kEkQ1VXOxLJHED8W59YsbFcxFwSXiK6eNFeu0_4C9sQXHknWhmb7qrLh-9CXahsW5CnWd4tcE8VE6NFOFiO1purhIRkz9vloyoCMEJsxf4zfQ23cvvTx0Wx8kj1CGDmX_OYMPYX-6ps8WSgm3ut4k1rwXg5TcUhG2-nBIPwDbUfrFGxuvsake7E2kzsgujmGRUAA=w1920-h913?auditContext=prefetch
Candle Rat meets Lucy 2	GDX Labs,lucy,Candle Rat,Lab Happenings	https://lh3.googleusercontent.com/rd-d/ALs6j_FFzfwN2837ITctyOhYS91nFqe9Am5jKWGaYi7Cjkf_Zlwmf93Jgpw4L4l609E0I9v9ak3zwZrONzqacyDe6_l3h0Wa2cvI4DGDBlLxTkOBbyfPzbL_FEyxPanOdeVG-eFcuyqvBe8mFQmDvNCl5fsRniP-XQNMW8GL297A2FcAyz5Vi5RBKvLl75l81K_rQEtgaZ3BqgNulpcEFkqKNZISWsaCL0gV64gr0C0bTsLGaKholG6jFaEkxEc9hIAwOILsqRcK3bPaq4kK2hoimqfPSM2lltmWasi-V1Fvd-2XHppu2WzQM8pACYVSfZMwuHx3l8YpETGweJAzJJaZOIC3tyUTzpcoKxE2WuDnN9V6pCE9-sEfxzk_dVGHAGqFMIXqzN5qTnQlt6IXt6z6nj_LHdzq0uLe-VwgPT6WrOkTui2OKbw34hQylPpudSDG0JoioEHYg3KfICDL55vwfeUOVGH8V4yGOd60Pgnq2eApPEkRRy7H0wEO-lrt-Ma7cA98_1Wm4Mx4E1M-Qt6wKt_FXmfSc18HDF6EqVrn06xynw9fcxc3HROt2XOAQPWly0Ht8ftmTzTt09esZwyDFlW35NbYZHOduwrLetSjeCh5Qh6qFMALIbh3O6ZFPS5uscsDaAgj0DXycNG5aAo6yEa6Nlb3tZ-_MErvmYGqpdtOEfI1qPVX1L_9O1bEmLvvZqr4j3PLBn7GNxS-pIzI9xTz-0gQ61Hj77-1kFvYW7vZ-mZYbCXCFoXJFSxxgrlhexACGAFbjdGXaYxFywEesjiGhnCXqvvrWn7gTbuwXjLZ2Q-caUG2RWvL58CwiByKdImZjcLF0T2JDnOgdgcUYRsnkf7FO2wnFBdeR3aik_qNeRJSBFo-S1fV3D8FrIrD7wyFHke29qSbBsD5xSEO2w1OLas48ul6qg_albimNnuWBI1Vuk44V3Cg0WvhiOUsQpOX6xq8lR1WRXPloAhsObdVTEfEtM2_1WTaAIXEVuE7NUhTGbPi148VNbXPMP5K6ZGo7r7s6JKgoCQwv_Ad8qMGeZAxOOFigq9BvKN1v1fM_T1IEv8mG8UUsjl9gdqfBmtBStJeYwXJv8qc7fuQ7488Tm85lzFdslR5nRaru1zh-3e18Y5FkTuuBKz1eJl-qZ8h35dr9_e3yT3SFrNZRj4X3PCukRKXI5Sb1zU=w1920-h927?auditContext=prefetch
Aseprite Rico Noelle Benny	GDX Labs,Candle Deer,Redraw	https://lh3.googleusercontent.com/rd-d/ALs6j_GyaOcfNsvk7efN6t6jADU2y6wU2JcaSkTOjKiwY55Ly8eeDtJ9DL-r0ls13rRgVnLZHvCbdZac_9zi9rDwgV7tUYh3ocmAkk3DY79jTPWt-jgLGl-EaerwO9ao5QpPwmTfludgr26ZJZ1uLRAUSYt2uZs1UfU012k7MmCc0DPscybbWXb6RJ6-_pXDGjcWgCos7oKdej0asiuh8X4yraRsiXZxrhJsiwSwXr4M5q6kmCLhmihmcSUkST_s8ONMlYHKZ1Ja39QUHDafPk1XYFk6ZqVACFV4VE0qeXy_QWq7izP_MI4D4cAAh2uOCYXfeN10irK0tP5oYbc2FHIxytMvtzPbhLSWTjZYLD1lHLIKwpZxvlME6We4wIY8BIWwxku7xdGDKpXqNGs6dKdD_AFmsUiUG0CzHhmcyhQSnFfTRaFzM_j-IuTS-4gzqUHhUZs0nvKUVppvVbF3RfO-mDOTGQzDSJkaw-vIC5PfN60JMpcVjppdkPytLf9Co004jCXrMyXWZQAk5XOgyDrkggjBsOr-Rg8q_TWTif6lvuJmiRRDHCaJBheGifYLV2ezs0VjNhLhKwqq8oka114g1PAf_Qgs41f2IHedSsAvILl3HvTsyXmW4cAs8RsUK6ARHAwWXHn9-JpwJT-c--ljvMPNf4UHBnREuCpHF9JN3C0TUw7H7V-ErMOlWgGzWTRhGBZG13yAk2loYvArB75F4zXgTkXyVh4loNL-EMT1t46vEXsPdOU4lNQ5Y5IzlV1Sre9gtKem9jfcNsGTsRte1BC-_VN-GyBpxI2XE3MFbsY5OLY6L2D1WABzkhkmF430Y6wJp3ibMFviV-gAZTr0Fnl6bxZNGOexKrMfcib_axcoXmUzi3XGflfzhXruUDvmDjp5mxIT_TpUN3qf36tcMFUKox3ZjQs32Sjzc0NTnnmZR6n1kFkT24bshBbPviCoXDHYl5vaQ6I60vNSXeyuc2xVPcfii7e9HmwLl1Iu21igObB_LLx34FuN-Mvez8N39A7G-ffHRjObYKnoklwRMv0BTxEYArB7CPdGZk9NPwZxPt8TWrWrWGoqC8WFPb1h4ZisNmQyvgOVlmp-ZbnoCr5oZRyHo-uT4YRnXgjquLlzKe29t8GF=w1920-h913?auditContext=prefetch
im sorry for being purple	GDX Labs,Hill Witch,GDX,The Candimals,Candle Goat,Candle Cat,Candle Deer,lucy,Julie,Lab Happenings,Redraw	https://lh3.googleusercontent.com/rd-d/ALs6j_FyRsBO-CNClv5u_JxhgRqVzzo98CVITw0nSVzzXJAi5FUlKFnnZJg0Mthr6-O7PLwSlmd5rfhD3tNaFMZaLP4InnxBU318RZ-ABr3wrJ4SLdW4rlBHlG87ziEhyfXjbLhXPqpESdYL-maGlWZRfBXRP8xMB57jKihYLIJvZ7Npa6hFYVPREaRGq9Xa4eCPW-x10DyWAspxT9KAr2aSapfYIi80-yKFqausbQDp53CCLcz_T9lk7XkYorChQGwcsaiyGf-O_19Wm_EGenvAsle48N1AGFDFspwmGI6VbbhpJhXCQjozUX0dOiVAD2qjWolfbdHipFJ84H62E3VaHhpgRw2YKhsrGzd8rWnJfQ0Tia3J1PAVFbC65FlJ09WyoxQM45HgL9Po83GA4d_PuEipxecxpyJfs93psZYxgmOQtlLJxQqru1tm7Q2iH3x3GehJ5QpKffdmXVmjsZO7VfEf95PmTbvASll6dCJC9MQtuohsW8M7VROeOU9aiSY79v1kT-B_5bUBYXiKFzaOM9t3V_b_J5QLT9okyDmoRSG8EXREAcW-c28X9FHAcuBQqaP4p6fSPLzkzzA5ONjtAzX94eW8JOn2ubLCxBMDx-0FtmJSBFEowobxoH50wpG_AZFJDP8ITFZsItRYrXBNvVR0BgDOq6nXuJO2739pbukh9XoE1J8dLuMmy0BBPHqATuCBzRkLVq1eOP6cYIG2LJgalp-BKhn9xwueoIgJ1nYsXcRZo2onm5czG6rjSEmDLZh5pqqsfbem7Yy4aajDo97zdQ3bQC8n7cz-4lmMHJw4jeVE6Z4NoBUQB5C0roccNvB8NruxQ9OgsuxcJNPVYOJ8z-bHZx37tvp18liJ6sKTd-xwGUslzclBN_-5H_PHjL2q8CGUAHSYZ4CqHxj5oZvYscKBtTDZmw2OiS7J8-BI04GxjMfdlPm9AixEx4vsLm6CGeUArNpnOLTfwhsOK5CUuWXzOz9dcDYWpycA8pI0ZhsX_PweZlzRLfRfK8PpGWWS4q96LP9XaFtmaFnCBgu7_Z3foAH_6D39SUT80gvHz-gsM_qS9kNZ3diZnOdtu5x1dHIlHXLqwZ4cHGhQhjsFDDbIQPfgtYL6R3wHpT7eUp7d9pgVd-gZ3v3jpkLbde19=w1920-h927?auditContext=prefetch
They're trying their best to make that mf look vicious 1	GDX Labs,The Candimals,Candle Cat,Candle Goat,Candle Deer,Lab Happenings	https://lh3.googleusercontent.com/rd-d/ALs6j_FKibcDQtymGvN_dcxqKJ8olmESwR8HiMvkiNAqvzQpbyYH7JMaEHWGR8k-rt0M9ZPYW3CQNRf9cN-jBxIyjXZT6U3Z48roZkTUU_EIQhA5GH-VrcbyVQsDBsYZMkQWnjn5yNxwjVNqb4KxS5DLr2f9-VlAe92dBfDNXWWZWmXISMPquVv0xUpnaMe8aA72dESIxjnkLuu_CxikwMPXDZWKUNa92UOtL_NyOx_EOwHWIfx0I5pyrpo9ZDJgZnPzowA2unoTff8NbVu71FZausjsC0jygWMScI1O7138lGveopGQ2Z-m0NEjlAH1JLpiJR42XlcOAWw1RqcGparWVXKy9HwnGk9jma9_a4vlE-Z0L5_WPfSlAAybK8ery_LLKwMz1EuvxXYAJ3XgLuMmv2_E77Wv6Q9VloAt85Kq6Bk0OBNkNZzptGPzm5XOevLBNjxcPYt48wYiedwKqqEsgU47UAbFXwMcnYCQLaefwEaPKmnLlJiIz5abEEDNUlq-XixhwEYDYv_wggxLC1g_hxt-B7bCElUv6iU-SEjUIRbACT_Ese8kb3HENKvY2kCVx9HGI-8Mg_qkzgaSSVUDMjbWQ-LZeVCHUW0G7FuMBQNjU8OlpkQ_GbfkXn6qDUTl6sR2g2xJrM-0YhEHh1DiiW8Iyz12c7AcqkKgvXMgFGvs6qLSGWmn5aZPsNZgcmeiFeFIuA9OxZ8Qehv_UvdZl0K5YAUz-2-imx65-YeEm3ZsJ4vL5wgqCqKPPjKfnniiLb14cQZDq5L03nJoxIzyQqpZVl6E_S3XDF29WLwkf-pjOqLdww-lDVFi94wng8-0gNpXllIrBAPw-IpCelT9VhjP7qNyXSvMw5K0LFyLUJZQACn8O21Hk9zwCkRIiV_E8ZKSatfThsMYq1JCx8JaHB6pKt6Qvc2kgxIZ4_cYBC2Sg0MZIwf1Wu5z2J4NLQvonlUScS3PBiqEZoowBMtLuvfMr5JKtR0t_xeGqR58Bw_jF0xqUvxH6aRTyJn3LTI6gAptCiHqL6WJs1rlmWE-A6FiTegPplWCcLzfTbPwGsjVVD_GE8j2Qc7amGkdWIMcQruTNQTKIAv6Zsp_-AKZW7A4LvoP4ONCox5Z64yleOAiUtiYVH8gcQ=w1920-h913?auditContext=prefetch
They're trying their best to make that mf look vicious 2	GDX Labs,The Candimals,Candle Cat,Candle Goat,Candle Deer,Lab Happenings	https://lh3.googleusercontent.com/rd-d/ALs6j_FSF5c5JiXtw5SVUlwdoApAxoGYbthbDeav9ljSSf0S5bQTLCx40N89kls_HMdrhZHjGbLCRpYzT-pl_xTqtZdrUzW5t2jPRFpuE7WgzxnbLA_2o3945WzD2PncdzPHDDGIwJz8UquoglNAV_ScmLsnx3gsFiGD9NagfqqV0ghtmxoq-DLB1iWgZfin7yrEUZuUbQp5yd2TdONePWepJBg167oH3V5_hEloUZUXT18xLk99dfw8omZRlXusvUbtRLIIm3I-XbB_VPP-pOYrh65p7U48X6Tcqc4-CP3Fbmata40S8Md9Ry6GuHTEKcxhsav9ELxdNvC1Glvl7It87u8dXU8-NTb33xoabehHfPCjqdP7haY5ys18xmbjktt0-5yS6xnC12NOY13tlqh6AhgM_OzSp3RveLmXw6gYKxxHdJt1lVdAnY7EvpGkhkoheGbsKE9JYXLinwJDzQtktVNJaL0jtqnjh55-tzCP5TOJ89BCxADo2SwHNmMJ7P5DxOkfGUb_eWtEIMC_9Jo5PpbCg28GJx4rxm_gyS2Kup1DL89CyayYYWYTCNfTfvpzeEYjHwWMo_izHFsCQzlGBv4uUMTXEXX55FPqrMrdRtwPBWziC6QMf1-DgUlIGKkmrQFXARPNBV4Rjft2Gc86hEAtMGffjw5xRqU0fNJCHmQhdNRTWxfECEYqNVV5MGe5u_NqEhw7K-LEO4oLRu9Xid8iqfShAB4VggjmuZFlynql37Gez1VpLeYhZWPeL-kAEgNFTAgDP6Y9IhPr43bkKeZxJNTbt8boW4KoSzo7UzdKo7vNKMcgDKaaFMMyNJvo--CqcVBGY655xI6fX1vFjU-U169tKAbcTw92FcjHAQzhiuKs_AkDuRR4SUO10mIW9v7_0dg18-6X_ybBcTPM9bLs7_NNidiLO6q2mAEXePUgW3NyaBAdm5GYSgeKb2JfSR9q74a388tCnxivnktz19eSADSQ0ziXC-8JXabmCgrPsuizsP4Lf26MPMKh-Z87vAs9KlRfQdAIWkvBYiJ_AtlVSXQMabEqD2rzZ20FAM0vDm5tsb2QcWzVu_s1XJNSHigre2Z6nSj7iupabJa0FnBM0L4g91Ixkx5oZF85DbLoQ9iBm-Wr=w1920-h927?auditContext=prefetch
What's noise music even about bruh	GDX Labs,GDX,Lab Happenings	https://lh3.googleusercontent.com/rd-d/ALs6j_EIENXYwyZStZzmTzO9OPsZlp4iC1uB6uQLjfxBz4dzOKetHII0pZsJAdhHOZIS5avkdKuS-oGAK5v3qCtYhUMIrAD55-I9JicmK9wkk0rgIapbkroQwzXraNQT0T9IRYm1XaECMTi5Ajj2Zkv5NnSw9kGDqvrtIOx5mvBVVHJI2kvuF5jCu6iyIRfCbpHvVzh1TG64UmnWwBiIn8PPteuppKZE3FVwYDNsYbDwyvmIsYLFr0wzvcKAFMKvhLQyb14IK1WDaXsVcFgAjIy6vB5ibTrgcWxVM435rFW41ofr-1YkSzSAfuoqqSHbyYvx8vcyFmnQwN_u_VAOLpRsMukZHy3eKHyoPn_Ua4hnV-eTOig5si_hwSExD8BGSHHSSNJgm2sSoGgyWe0_oVcjvs7LAH2zlAfjdP5Fmd9Cbx_tDj6v16mynVb1-PLaPAVF8KRYXb5rv2eBn1o0v49yzmV8Tt7eXNZWCftH1Kk_ZL65BeJfjNWIazaU4b29T6d0QO3MpHOVrlKGmQIWLUqSdGi6puECJeARx8nYZWZRgGc4f7XwFhXz56lu4fqI_W4Roc3ef73EgciVuoITl2RWcw3CrSvoMEYENdqGVz9-YyVpkiDW0qqoQ9w3pb3zxfIUDivYqCTc00bWE-rFq3ApRh_pYjKhMxZjeTBzDRIGDe_FQo2f2YBg6M_nzrSI7hj4aY3W2Zih0qfb_-C4HbV2BZdaIc1jQcmV6QFkbiZLRUk98WUaRYh76ZNB9bE0x1HffC2EW36FBeyWsW9zRu0mZK2YUU6dofsptB8d1bIUvG-Jnf600LspVFCxX1cd9r0Xy71HlIpQLry6GEixZY6z7G7IiluKv94QhWM3t0P6AwMKf1unKTY-CSPe6M8d9PCyKyZKdrxZR9oFuamQHvYslyG-1RgE9pbRzEO67EXaCb1v1iJFOpy9DJ-bPWOI7XTLGY66JGqcoaaDyPuVrZPcSFJN2kut2rqLJei0r_SCfL5m1cRDoKPDtBjuJ6gQSdZSdQhaGSIUQAuz8kGmiNUfvbm86g6kBisdyup1n3JI6OHMYtcA06-Iner4cddDsGvairbQ_bk3cW1kqwuzp_iquZGTJdkCI3aoT_EmaZR-GWHJeqY_0y4igA=w1920-h913?auditContext=prefetch
GDX_Kaczynski	GDX Labs,GDX	https://lh3.googleusercontent.com/rd-d/ALs6j_EGpHyQKOlEhr4A9DRlALWn1bcB4tFHBOoRA7t8ZRjOfDEEhB2sKeyFgn_EPFOgJPGf2ONAlD_mVGEOZ9eujLOXY_BCmmVuIuvRzmXfF0-HDkcxvQnzeRP0Fu-8P-uZvH88exL8cCbohfzyaEDJ9ct_qKX2x8ZHi1GTY97uHIqMIlif5Z5neqzrtotBP4fNa_quy1lq7St_mxSlPF0D9pdsmRCOrvSKqFnrL3kdJSdDngJE9mZInyvOMQnXCE9zmIFcvWlm2GFn-KQ8rdViVkP5DhYmEbw_AXpwIOxyERgOr4m1Ul6e0GE91awhMLmAns5igogWWrGLvmvQ3NcIxiCmbe692sQ-_69cIwoB-oNEXYgjIUr0s4QuYQn5lyWqStbrMOjgqJktk66Vh27zt_A5C2dptYi1247WTaIXX3mxcLCDbr8181wiIUq0S5L6lZawWq5TXSXm4XZPYn8R_swhKOX6wWFhWNQ3nRh0ogSA6ekRx0HihPbLD7kJ5M8OK2_gxXyuKYd4Mdio8pLajcQFN9oSSkVsp5vqUXD6i726BuPhRC4_ZD6Qv7P9dU7e4S0ngLiGXQc0KaPvXBFcv_wvZIwckyxcpxDQcYTMwAoD8SiKAHjkb0wn7yXTE6bKsQaiK1l43oc7atapCh9IvXqkvQlbpzpHi-E3qvlkfMBr7Dya4Apk8DhSyQzyzssE7R5RfgqBw2lRviSMzZviMcN_EJAufN_j-FmuyHcoSHAsqho-SC9T_kqa6TOZgohKrIpI5a_29KnrzNTvzSvEIjbxzXcqp4IQ-Lir5NCZl0vLu6pJR5_0iP5IWRdtRZaCtuA1zZqZb1UJZxPVafsCMR-CipPfmmDo_Gohh1--iOiLVJ6ILP8f3WLAL8OxWDEZs8L5wy3eLEN5WLaiTzEJHyonDGN1F-H2TZOY1faEwjgFEiS5LkC0siFTHHyoAlivo9O-2FZBBtGm4gDzoPiiwImWcuydUOyfYTKMyW2mhIb8_cTnqzqy4tOi3UcvZYlzLjEVTmrV0gKe-T8ffwjxbOpXzJnc81QuMQS9xubtzWSz_WnVEpZoXhMEXdoobj6J4UKBfbMQuMaL0pINZevpn6McjhQvfGXNNnQeRbmiXGXVJrbckh69hA=w1920-h913?auditContext=prefetch
MADSCIENCE	GDX Labs,GDX,Cover Art	https://lh3.googleusercontent.com/rd-d/ALs6j_Hs36A3r_Z9mZG7JnYGv6pM0ToNoz8NeGMxvuPLet83vTLmF3CRMaUab3HrMMNMz4Mem8weLxZkJAEJtym1H5Y1JLtVi3ZeLHiVlKSXnM1st5TUbL60FH7pdbL1OMfZsZI_A1Ilzixkz9mHHIUGry7_DrT1-K8n9DSU2QzYj-Jgg_IyQ_AgZ0NDfbzBZS-86RTtOEJTj2DL8bF8K6ROfDfTMrMvgk82DRWIyiAVaVBRGElytGxTv9pVV47ZRBnCCsSSBGJRG-iLkj8tj-b22yaj2O0E8NpqtuREH4EHpc0vmwwRVROeDGiCttj-oliaMQ2zEMV-UmO6Czh8dfiuWqCcRuAMksBxRn5jP-jx_UG0ufcKqNZv9_zY9zkX6WPKAS63Xt_5cvpM4zCmAqzFoeWpwYMNGXc5i1m9WkeTo8Ue6FKoM8fay954-tW6TRlPYe8Eh2pA2iAZauhSO2I4uJJdyh9AsY7Nh3D99UnCKc1l0h1xa6AcBdrsurVGgFK2wlHyF-XBZlXtxFyBXaJg5kJYYjOb8u7AB9hxYWkp0s-wg7yhL2Z7xsC1MRfUkzH_FS-eqOWkZSk9dVjR-GKTWIBxuFT7Gn-fUbALISLJ45QadAtx94yuVK_IQeo3XfOl68XwCeGYQEo06AoED6jTS5MABq5A1F1Sm9kvg7LOzvPX3YFI1GkydFuW5RiPKshK0MO1sZ6-5xK8JjwECVu_t8ip0QP0j11sD74W-OtdMDpvIJ1E_vsntTW0dPljBJYrnJE1LhNEG3faPvBB8fxj--u8DZgPO0iTyIhQfodnV0aAEbt_h68MCYe4HE223AapPcowSofYYu9Pabf07y9ynDUBPK7ruzlQVZ-2Ii4vCHSNTcWk2WeGT7XhLveX3iQJzcg789Ck9Ja0eUh1NUXTKg2tLag3IaObMpKqLkI757WD2zR4FwFWea9pZKGVqBuH_Ql56N7Ci9WbTGSz0iwLc5LlCaI-pDqLMj6I4JZBpyXCAdfuhgDS4ay345yczly0zifXzZGNrGzqaZHU13gLpQNXdCZcsJ5DcqgAwyzqmOvdIcC4EmJQNqC_jDoGVUbtxkEGrLEmoVK9n62RCI6eYaMdsIp2ctqeYo0eH24THu8W0MAMtsJucw=w1920-h913?auditContext=prefetch
MADSCIENCE (Clean)	GDX Labs,GDX,Alt Cover Art	https://lh3.googleusercontent.com/rd-d/ALs6j_G8HO1Hc7eiwxdzX2Q-B13nXdI6kW5pYGvD70cKwp_rVQJwvWIXUaaxhqFEPPNKKKBI1qW7ZyURDY_4idOvvurf_QBT8tKw5bEWYsE8v1F_XmLHUyiEFK_Jaehp50i4g6KZy6DpX5bOODeN5TG_WpDtgWyA7S6swTuX7yxAKEz19eE8w7Dh8JYm9vGTKPp_5Q1YLWzHXitA7RWiOJPq4QerLvBtY6j9mMC0Zk6ZmVQP8PgFTHmsZ3rZfmGvkrY2zdWvW3K4WJSvaDmoaMiYYXDezy6adeL_En_isLE_mYLNLsqktNs740JTd5xXypQ-IVsU3G_hvUcxBEoQtK1kb4h8dFZ7tr7rFUw674QM0fgtNdt1U_7VGE16pp2mlWOTIo2jbBHPhP9tXdMVpBpH6Cy6XpEkEyaVIdn8ADtGed1boyj2Eo5KXglQwN7dI_uSlXiOv3djZ8jwmvDPy60PwfT3F9rRCjOCc_2HYeg29yHtb_CkVILQiz6mXep081Epa8MBcYu23Wol8k0vlpdzQTliy9QBLVA5BkFcf0sKhkgFpnbxyClbblxuo3aDxMC3uvTTCLCrDX53mMitfo8i0jF_j-BI3e-BPuR5IBE-p60wu91qCW7RRBmMLLXmVHS5-bINXg_H5GP59HBnjlo4ZizYfb5-yJ-3tFOwY3X0n_KRwJqzcUIbQXrcx5VJ8s8pBShkUPKGjS8j3eIOCkq2iFGrC8JVcw7E8HSyVJ0ftULpmdSohLNBmBhFBlqHGnSzSbv5fOljAXJ8hE3acy1vMVY9-qTm23Tk4dgqulo9zZHqXxMw6L9o_vVySrEOccFPzHyuOumZyzVDxG564albVpsEZP0bfWuMt84hOvhGlWKelaFqsH2oWAJW7E5hri6YuDxPKefKFmuvoFSyScVTh7QwEB1cjSSf4Y67L0xNTcdCtTiz0vqxTVcCvDYKdx5f_pVhVVaLhhp07XCQb5wdmk9TAtqkba0CVcZSt9OX_7BS7XMlHrcyLPJqS61P3oAys0tYpPZbiI3Y9mj3LaCwjb_-9y4tFiZkaC-_aJWMUp6AI306Xe2R0MjbCJ4ucLsVT0CxuyhTRwkb3NJKW1JZL5-sE3kkFNX3mhpDtsmXeWPOx8V1Bc4=w1920-h927?auditContext=prefetch
Battles in the North	GDX Labs,Candle Goat,Candle Cat,Album Cover Parody	https://lh3.googleusercontent.com/rd-d/ALs6j_Hju0Z3pTitDnjd6akJbYY_BBorLZg8qZN7EPnkWz6JJLWL_172-jyY5EXxGp_EgvNVv8ELgrWpH4NkNuFFAjOJf1jKsCRqOvXs6OIB66V_GWqN9NJ-udkQ7sybJNim4quAaRomiviHXVtoYDZSPiZHhAY2Wq5x00YHLuYd0GdVm3Q01MPwz-zeuvanOitxbWKLAA1RzKTOqjha7vnT5IncSfOuLxJKH99tW7rcCxVjXZPS-WaTTCjO2B6F28Wf25ZdwMT8FH9eQT6YymyOevsB8V1vjmifYfiyfXEJQOeoUNCowmphaFM6uMLDZuylk5EUYxzjZrPQeU-B-d8rVMnJ0fAB76PrH_BtyRhM2Y5wKUKeJ4K6hYvylcj8I0mzzu-SBVJ7zssQXhGNlg41_63Z35oVwkVfItonujbmzj_nftKJkewq1tUxI0a8jgF2sFrDsKlqFuy40BPG3MMXo0hnG0M_m7n7w-He-27uNwh148CcHdCVia1u04Ps35Sj4X2ACaHKjW-4oXWrVIto6wIUnlU0_7-r2TxudRCmcMsKHv2YHREldSkOqf-6QFd1xM-kkhk4qLA4LbxJGssrH9k9CkV5rfEqWnPuWN8t8VNDAaP7mb8boVJevONlbK3wGRgCUsY04Jd7wvL9_V2pdlJqvnrRXOglRmLt2Z5yALedoSPn-nQU3NlbUlSAnYOzfdKBMWnC5fz8QfJEOrpaczXME80n3jW0_DC1hakQiF0-7kc_6LNDOJneUJoZBfVNtSVesq1V_HR_xL2gvULmSty8gL1bh5qPWS0k6upA_6cX6TDYPazkaFxZxjNbPQP1V2O_Bu_zo69ejHbNmbdMDktpd03NXHm5MamCgAlSBfvWWnlnKuT7uLkvILR-EbRsB39tkY4StMX7ZAfafNgqUtzmiIseztHo5Hm2_IVyxmUaHvPyrolM0BP31_QL6jd19-qYfIbHKqYEFq9lELjB7WGdXwjLCIIpSTska_tYiNHNNl0LA6MU_iw5WuSC3YrwIarbgylrY3xn41OK9-MLQyHxwottLsGqTLT0q4Vof1zb3brp2q5wfsOwZJbv3qJgacIeVw-ertFH1BFwp2Ilf6Np4SRcgQxnLgp-vr1tiOEKS78_q363=w1920-h913?auditContext=prefetch
Group Photo	GDX Labs,Candle Deer,Candle Goat,Candle Cat,The Candimals,lucy,GDX,Hill Witch,Julie	https://lh3.googleusercontent.com/rd-d/ALs6j_EAS-_8E7Vit5j9F9lzf9dqFa4B-A28svCNi0gpTbJdhmwOqVW5FjN4nYSEq8E31lKIC-AU50MAKfiS3maaTrYNBTkhPdBg0xOPKUZLML_1obaJQ-UEcBJ2R8iy85sK5TZ50SPEXO1Aa-WbT-NGc0_TeApNDuC4k9tlRXdVmO_Lk-1A6AR9dBTcZyLNVaxN-7VFaWfNPMdQlEOnaXf1SxfGMe0sAxDKoVMi0cYev_iiqEIZEfov3vu33sd6tP48TUI8AhSg1eFSOr1uHWZzMwTHoRpxA4OkWzAFyKgFwK-iekMAaDIcYpZkOgqjbRbpVDHvX8X2FDEFzOVtT-Ruu0HSuOq3CMmODSaJZ7D6G_01Dz-3M-J1KZPeuis7Z5Gi8xcqpXAUzpHZb5AaEpU4hzDk6dI6NMha7FrwCcUv_aDuMWkYq5eZSQkqaX5m8adn-53TN4ePKF0vNMQCaHbVsguneBAGwiejbVBCoYnfcLeRixkABCnJYwqgP7LLBaU57vhebez9XPPQzyddmturHOSOiyN4Gq8OxWSd7PeaOv1RpuZVNYPoS0METRS0k9jn-yXlJhW60rd6DitXxmJctJOhyryP53izZWLjKU_tZ06ZbtuDrxDUoa-ezpTC5aQoVZgHGGbnNHwuZJesNcljS-XOfS4jHqfei2zgmalDw16-2KwaL4gtbqpUpv3nmKUHZhks6eeLM6vQIak4fdhdbGE9liywBXnPKkJl6aUCw6uTxB-eGA5OJZ4xKViwxI6jGCJ9V0JDTCgJErS8-t_RUkDuR5ctVNTvErFl5GVywVch6DKXkzhHnSCcSKG3TCofjLbkpj-0C_R_NwEecxTDM4dSUb1X1lUUm9EWeuTYJsJLLXE4djsdxZpTs7yHERqwRZQXWigJh27LBZE-QPj_rEyO-22HGYprxCNZQpI-QFNA2CR9nVOBwhtDk1vAx-4KiOMmQrvgOj1N3Q_F7Oqq2qjMtnZrGHk-OzrU1KkYvb7GsF1BnHq0GdPS5cFBnuLvZyIry2RZTq95eVCwOU0-9GlhDJcsMiNFlbfGDVR38PZnHNxZgFJY1_AC1s2gpOxjjcdnJw-Eud2gOQQbm8soUTKypN_taxBjXGDKoxN2qHS6YheHvLkzh_vKFBy-ebeqayo=w1920-h927?auditContext=prefetch
Person who starts doing weed because of Electric Wizard	GDX Labs,lucy,Candle Cat,Lab Happenings	https://lh3.googleusercontent.com/rd-d/ALs6j_E-YJixBzDsXBYJtnrR6fCmxx_wqNo7If5htyDG8eBTcg-T8VLkyVWYgF2C5fUjn6mv3GxIwxiT5HJtTdtgzuwo7wCGhnGEGkzfz0zWR6BoNPMDbi_cX7bw4DuG58YOg7uQprTcNQbyzL3uqp0njpddisRlk5qb9iHEgllpu-hfYn58XEJ4uGlIb1qV3lI73v6pAHB_9ke3nBH1IiLkp_peVlTgReiRAbtYh9Qd_1Wmwz_qmPMkkV9z_dRtMM_2XlU7RO0kJzRGDrKHtu3ffnY6hc5ViMJKrcR1wMAoRcBoUHu3J46NpF1TadVoudx5mjrn79FsK4VNRK1An0WQwVO6Ayz47X3Dxgspuvc-ZVdJRvaFfLO2s5LvCrJBnmjn2mxjEolQMCpwaYR4E_Irldi-sjxBzzyxkQUJ9Molp_n-zd7lehLQNrfVSxoCxsNFEZwxeLlqJtHCaLA2oU_FgxdY30fTmCYeDEERneNmz2CmuTLt_UPGSE1hnpxcWnlLSxDwfipYjBkhXX1ZRZ9AXuGy_RTmIVlVs6kVEq1KO68jcHq0ZulyUFkhTwEGc4XtIDVU3WDz78qiHrEvckRZqr42igC7PldUNolM1PdrPt8NIIDokSr4Vk2LhNjU8BnlQ-AGEe0p-_Ceysj_0uJ0bGiJTpenFPJRWq3XtFmhf6jnbdTkW9162E17eFdCEaqWj4IXstasNPotN3Bpp2d8BlMV5wIAlSeWBh9U_-GOC65NJpon95Ln4xNafOulMm0n0vU6uiCz_LDspQsn2_Fzwu5D45jF33X4FkHwi-RnsMEKbgqyIjgC2y8hW3rYyd6GWDmOTLy_CBXSxqXLY0zjzZ_uFhAIhbn0ntdJqRK1SeZX7dmQ5ln-GIJamR_yK49-ja-jlDbXV3XcF-ypw7pyUcj--szrdBHcb4i66zNg7ScUWaO75xFlnKCgQjt5DJQaCLFbHq-isquzbW574GutR5NKXYYYLihU_ei9crqPoIWNC12zn5n7OpTM9LeC5W_qy8I0Z5pn-BqoQmQJvgN-DZwQeL452mPqbUMAqyj-ubLigNZO8IHJ_AtJ1bj0laZpQXPMEKzdOOjuXBhwfy4LDN__vexmK9teXvhvf247sO10CkJTxJH7=w1920-h913?auditContext=prefetch
He's trying	GDX Labs,Candle Goat,Candle Cat,Lab Happenings,Redraw	https://lh3.googleusercontent.com/rd-d/ALs6j_F9eFnlx_FadmBNPHV87U_06mPc2tPEKZZs4h89-cEIB__bGtyg5IiSNfyOkBGF1LdtTd3Zg8B9rziwTf9xsPqV0DWGIfl1nVSDmKprpN2BKNCoWvZHLdUjukGVVlUHcyz8URdnqUK5l9rIac0VhZ_Ug_j3ilpeGsgRY_3_THioGF_QLN9wocSO5xUpO9xv9q4xjI_om8OTn3XV4ITSiV4Wo-sMQQ20K7nnNdyZzuMxrkZFKTe7jMAef_rlDNWIjqmnsdxblozK1AAFgMRfQBAxYtI2MW-_oGWwqmJFLnHX1w11GwXK5dmxk-ENcnif_G0_IhpJeTvh0bO-y1wlYDABMswNiZ57rCfVALyFJuS0VgvsPUaBUTL73qatBY4826whaZFZCaCZHlX3LDZDVWDeL2fiAjXXRs-0Wy9LC2kRrQOuHjgRhOd3nZeUkf1wXRyrkw69FN_G_-Z4R1DUltNdSewMxg0vCqgRPbTSja0OivBrUwCF2fq3W5RXjZP9_8g1mRgNl-2QFDlgOcHHMS8_o6lhGvCrM8wQRhNvwas1Nbo_1vN_XQ0d6wNB5IF2sFsZLxTDMhhq1SNARHH8vwpr6YJX53jYfVAh7lk3urL8tGWL65p72brk8GrwKmuIOaa9izB1gIvK9TZdLqnIDxP2MMe9l-h4_nJgHC1HaWMBSQvW4nDCleyOgy6vVa3e0NJD-j1XhqvYEaWEPcCN3fj5lN7t0o309eFKtxnKW2E6nOf7pcfCT2MG9Oal0Iqj-n_zbVP-NaBovkzibwA4SfeFeAnVY0sKZbk9HcxBGLah27MWHjbb17b8K7WI7MW5Yk1L85JI8y_vgpdGVypK7rUHfi29NbRtEysu53tB8-JF-LLp1NS4FTjEtK90MB32xEPgIZB7BIIwQ7xqIs_txmwtY1Nb5EdF4oxWPrrxkejgvIADpStsK4LoZMhhcfF1G-NK5EOeYPeYxe9ZiACyydQ4Ctybac7cond5F4ceND34y5McHBKiBShOl8LG7oGOYQ7N-rpeY3qtBulH3yfrIapob6a5tppE06xg_VlQA9CzURwfx81e1g1wUat7dDKe7hy3s9Bv8urQj1VwNqOhCA9R1E96iAZTFurp_8ClZnt3dDNfI0Qr=w1920-h913?auditContext=prefetch
pink	GDX Labs,Candle Cat	https://lh3.googleusercontent.com/rd-d/ALs6j_G0SKlHEhsnBYnF1WM3wi0K78klJAoHqDiZwkxu267ebOx06NXzyumb6QM70rh0a69kZrWeoMIMA5HPE3fMS2gj3PASugXAA09PIIimuzPleHsO-1ZmOhVCBVZKDcEB0EZ5JB_7cae1Id9STwpLQ3ori4lzZp-Mx8Lgw03Kv_Dm8tCdTLaQu1KYBQlAMB_THsYNypIjlWM5CJ0asqW84vrR8cG3NlXhnVAYa273pzciLkcn_E9yjMJxE9AjNnMH8xCJFvjfsuvqy5NFV0bT85WmKQW3wV3KYUX0M7HdzyIH2Tk7qDkS0nf3kCsgsBZ2PG85SZMtF_GAyxufLOw10BPQSDZNHc6GYhd5sdjk2iLMCfxIcZ_MHe9x2PhQDmq6Sy-y17IsL76IVlfPh2hA60xk1Zs6QRhAl9tKNevJgodO-SYj_t3a-4bd-MJg19LJD8YP9-whysarQeVmzLdtmFK5gImEG0QDEFF60VqNxgZq260YgZ6IX-aw1lCLwLo3H7L0nUBQYnTBVLuA1NREp276mImVvWBucLIeVR-kZs8B7TkH9RBmBKtAma4KpmRsgES1WK5uFD0zuo3iS_T3YPlNCzphwFUiofJ5laY4-C3poKIjDQ-odiwuqOdgnwRwHNxqm8eSYk68ZJzLH7DswSmn8iFBl7ewix0sh7zaeNkqHgsLLARei3grBxIArkTCuUx3LUIPYOmRDJaAtimJLOBlwaQdtd81MBKYV53vOly3vxFDIekUX03RGPIL0deYdtQvomJyD4DOl-08xWfTPRDMWbUVqTKaqS1twcOYAwvyLP826wf0jRo3j0YIbQ40wef3iAITpEtLAPPrCG3m0eZTl7VNpsYFlK7Os_xCHFUCxGhLcJESqjnkA2TD4OzTK_Uzn4xG5AjXlertyHbCXs9GJc3WsvkLhelzcBz9ld81X965ItU2raIOV2DNC6K2jEzgl04_dt_DNUKFoseNLqdgdZWAqSx7w1vfS_D9Dh4D-z0jatOcb45tkT5t52EK3c8XFjvP5hQrAq1fzgh4VmMYUlqzVm7Fjn2-JsO5fzLIcrGKAXD3TFn8Q_hDrTxowKbdnrTithdTqy_W1jO6Vnk4JiiKSfd03RfzBVHtrZKP1RxkUj_2Og=w1920-h913?auditContext=prefetch
Rush	GDX Labs,Cover Art	https://lh3.googleusercontent.com/rd-d/ALs6j_GX7LhjTAjjsNkJLnKOV9a5cc539Jnj1I3XpZJDMBdM9BncG2rBbu7YFMOAA1dXM9o7UsBihcaRLY81mG8rH-8iNdQjkyI24eXxXHiqp-dhF3bq44GPrMU-gLXKEOROwABRnWLlb54GamHKXRjsrEGhZgbmf7imZYD1W0tNZH7XPHVpUd0cHO_lp-v5iL6CRumYzKJe_t6iU4X5YZ9zRmNn67kIl18cvPP9Ok-EIUb3VyJf1xFh5KjMo4QwIZTVMWpKEnOl6u225r1YCcQv_MJgZ9mtOpQZ1nxbIxSiyhVD2kFhQOM7cwjHmwXokbrIzyOHKszzG9q24yro-K1bbR9h7nrpyKywlXciEMny5ROSDJUNmZiwY-OlYiXn0eYbGl-qxn4E1h_RQZ_0JXnVN3MqECfcKVb1QRPeSdcegcPYJB5hmHESyF0gqGMNMbXDQMdPBW2XtZOQzaYuKF-lQL-wpMFaOtulwH0_BQ3KecYERJCQdrzFqwHSrYGlBe3zCGxi3zNwNhp8sFgqr8X5uoQfit2IjLkGM3W8Tba57EHcQYyGiNHEk1LOgfISSIGhPR0utViLWImOlyJS-u30ogoIpZFGNMO_Luxi4SSmKflmSZHE2lR2TPFmp8AZhGOfgQI2ootU8k1CxAr-06dqe6s_vFY_XM1d21dBfoeZfHEvpqB2MINUU3knI-_scCCUQNQ7SlLJ4TDWR0D1FYMCAhVnfBsonF2vxmx1TxaURiok-9p-x404UfJecPQKd4WhT-QwDJB51iXJQAql34XFukrYVeBZfFP8ZSDkZjx1mCkLa4BPEZxZWAzFqWGd-lA3E-gbNYtd1R9hBfZahcW59xssYhKHD_mfWvJgk2wFQ8UoVpZsJ_r3dwUTuztckkyE9nRrnlsiy0F7lIHP-p1EE5AH6qlDit6El1RXGFjZ82RCHuZU7IdI13MYL3fML4qG5AIz9I5o81eWqSsds1yimwIfMIU4EjnQDoMZdn5cKyae-pTRsRLl0AORGeeIwYzhKeg7vm0smgU3ZG-I473R8aFaQCQK99EqNyZ6CCNd3YwEZ5im9tJ3Q-NE2AkTY7RLPECOqYQ7Xey2IeD49-Ydptxz6Gv3Of6AY1b-IY0xOHqP07t-rZY=w1920-h927?auditContext=prefetch
An Ethereal Rhythm	GDX Labs,GDX,Cover Art	https://lh3.googleusercontent.com/rd-d/ALs6j_F4g7KknSS-f1Cn0opdteBkxnBdf129GvsK1JWJdGw4RA8d-fCKYjezy1B0CvVYRGmYd0-8-OK8Chp0-MHMo-OZbVzREEfapAvQUYJPy7lCtlRwARee1O1vuA5Gq2EMwkMSB3di63tOMZHt_TRkyYFufwIdnsKcppwJydjTub2amwKLVz8OCKZp-FmKQkelhaLVGgcDPmUVA3jyPj_TWrbBsivgNCU1rljbM1Nglh64UoeMAQQjn-jXUxRK3LW-e8xY9pMctRadiaJ898oAkvuG6Cm288skxC9VObWyrJXH2wN8XF3pZC93FL1mXH130fFxMmehAg7-DDOVs2YJvqL3tfsQC76QQ0ICP9Zvp4WFlCdn8TVyJA6BCRCcnneU6gsyzJPi5tDg4Oy02Wx_umsMcVzM8AzbjfUUCS68MG7hvVeqlgPH46NBt4Vmiwff8p8z5H34xXoIR1oOByiaSAi3j7ooqDPiYL7j6wToJBg-7YeMdYgJMFWr9QYHBW1jXWvS5Y8kQFf5Ygf0LdwiW7Ea5yBKLa5fEruKkIZntSvxwFqx-W7NO_0QSrFkhTjrmH8TnPx4wPpriYww1WtzEpONxivj99K4Rrit9LDTZFdrQ0Z9hSboNq8hufe5poEL37K-K1kiLJ7pTTfMQygeSndVIo7nkCLxx6_eU8kHboIF4bExbLTrUvcQdxYG0uRneCvQ0miOSYancfnkeTG3pm6owYFQEdc0n88nvmYSkhZD7WtizpW7axVVSFjiQSv6-BLW8zCntlTx0_BtrX65sLh7bLKs6tRc4Pj2ewNvpD2oyI-5tEMkeqZFhmIcSgGVXTADL8kvfP3QbCfaBhSr1Bf2S96KY4jCyVwrzmxC8L3c-jrJcoziEg6sr3SDWBziy6Uz1ZyXu9PssvAAcF1hqzuV-RNaRE9yDJfV-_S1rcPF4bSfpI0n2WrmFU70I7tg1CbGkscXOR0bi-bJJspZttTZBbPD1CK4F6QSqv-yO7qSywkajUqscS1O6lS0ogd5qY35mtBODzfqDsnnqHl4ZLvVIlbScVivHmcuxseIZGSWu-gJTG_kBvAmaCN-7Yw0l4O7Q1O2eP6O0p8TCoNRal_EoFpT0onU_XBwYujtGQ1ORwwSrsg=w1920-h927?auditContext=prefetch
An Ethereal Rhythm (Banner)	GDX Labs,GDX,Alt Cover Art	https://lh3.googleusercontent.com/rd-d/ALs6j_EOEW0Oo6QIOxX3Fl3oNOS_ep1Ed7ZopfsrFAFhMHO2AR5byu-hlLZRIjg7ok5vte4Sdf-9qnCL0yBZ8nh0FdCP63-dUh7e3e5_LHhAz5eosfHXMPAWl1LOS-weR_lbTzgXkGuvKnO89_ooI2lhwFdja94qE3wDG8iLhFdZbbbujs9gsCdqugf_mCH5lOqu_lLr9mjPuhPiZyu33K8cjFE9AXYcR953fcPZMlymSX1LHFEOJ8Mk84bsKUNSE5Z1UUNoGk9bGyQGSbl37mnCh9xjsl9ON91eIVk2s0xOzyq9jS8gsxJBbs6IKMj9AB98oNFwvCBDxlUJrI4XuwK0STl8tXfqoUW8-ajOILqemXnnEIKrNicHcX_3tdhjeXNQ8DMU0PiGODUY7e07l_syUt9AXrMXoYgFnFiqesexFNQ0zVQJrIY4FeRPhE0N4UaPmGZW33EejA7lFRdNhF6GHEc3m-JCYgUZDNh4UD3ITJfwS3Uawe92RPb3TR9bGQ_-UYkLt5ZVDn0-i_1xCqm5GGYFDC9nmMNnw6V-kxVz5IUwnMacSZ5hOvB2mbV652zMJ3o1QacpO2foO_SqIfNZOPciNVsu7rOSwDdf_K0QbH4-_GaVqX235Z_28OmuX9mUv9wE_feKYkOep1s4_0I9cP7Gb_3LraE1BUPwuTj9Kdb24R4MoPP9MNDysT68EMJMwZkc6-V7kUJBZn7mVOf2wquHpxp9CtOgTKm_WXr_KV6hFKL52D7mMNwLEonqR1Pab35XFI8zJHxf1Wab-uMKsx8tG0IZbKxLDaAlCNjOXpZ4OmCapcJguUDYbpiGVjdte_YwhruVgUgYWxvVJAjzpgwVKuUqODLoS_-CSzLERdJnMJuSGVhN3YMbS34A7h7aW8Vzf2uXX7hIScMFoFY26XqRMgqO5DKkV5A3lg01AHmJQHkEq8qAhkv3Kjlcqs6m0yz1WbsbqIq7IWJQmt70cfZ0QdbpyBut3I2fQVibS88UatNZrp85R5D5NNcV54dp6dE5LswXbfz-de9Z9jJ7n6DYgg--lCBxNz3Djs5QKC3GeZCCCK8FV1HGnx1S9TCAeH0KR0PQn3IsT1O5uxvb6vKYFrXqnpz4mTylZutS35fSEYWSxQ9aHLIZIa8nlvZ0_mOi=w1920-h927?auditContext=prefetch
Kick Kong vs. Kickzilla (Original)	GDX Labs,GDX,Cover Art	https://lh3.googleusercontent.com/rd-d/ALs6j_FJUCh9bQ2yFCi0eReEFLIIYQtxekM6r9tCvpAQt9kW5jp2NHCxVSPomx8Sy88zWcJ7SBhIvdFvmnI48UrVrH5HgguU6fki85f0FKePxk2P-DHsdscxNFbeMMS3BuBX0J2OtXvdZQgw2XK7ovUqYfQ03C-v2RjV8ImqlSL7F6yNOVQ9_XUjikcg-94CMDmDTCCnz9kKRQEG7wZ_eTvHnR2eN5sCb8jQEv3eSo3Qr15sN_Xy_vzBEv7aE97eOTawWm-aeVy4WttxcO3Au0t0F3cPt6tty9Gp4iJ2QyeiTayF8M-Bv-DjpBsfdHqnsUafiCsw52eQbD16rp2NI2_SY11mLusQp5N4NL2o7Jrvt1dzrLdwEXjuIn4CiwGpOOmR3_lDk7UuGOzzyfiLXbvjGvxvlzygjebgowM18tn6vO0awgsg5DurBxNMCTCo1WwgZJOcPqtUufL_K0zptE4s57Bc-iOeys1YkTFaK9ipQFoVRnyFewy1FwpbUIdP3akOeG2bs-yzH8NpiamT19uh0Uo01Gc0E8uNfI9jVLqfgJieNlW7fakZmU1WSLZJ06O9EYwvJxdrEsnACSbKkxYPFah6gUbBbiIgur9IhwpqSg2H2TE3MxH2kE0tri6spk_Au2BuxzM8BTK5boYvgpka-hbBsfSEGr9iFh1w5bFFsX_QcbIpy_tZXwyZE7z_9SCXJg1LkWTde4xDiPDeQYkujLgy7lBiGzGW4WELXS0ahw3Sy7yxYbo9gmyGXShkBgvJYXqvnxq7iKKVhKf2b36zovysycnJjSCYQVNXQAZLLgqDfdCJ4vNT-WEvgHJvVwfp3tfUPpdxJO8lix9mXU8ZbgVj12XW_yLHUDlwwLVt0yI2SmnIkq4mGXnPf1aWwgMD8nFnZVkUFgqKD158X_NR3sE0K8eY4MSw8L-oDF-SZbtJx7WN3u1FV5VI7OwYMIFJDPOk696Htujg6t123qYWof07whNcIRkhDwKiI5cZxClwFrI2X1OvuVKkiu_3wDf-PGV5u-qFsvoc85LCuUo-h_Ay9E0EaFewvODluaSDWPDOYiPgfvne9TRc8ztIzFQPCX_kqgpGS2ipTITS=w1920-h927?auditContext=prefetch
Kick Kong vs. Kickzilla (Fixed)	GDX Labs,GDX,Cover Art	https://lh3.googleusercontent.com/rd-d/ALs6j_E5PSOIYr5tD5VvJZy5zgc_tACaUMdHXUVY7AHTV54Av8mvlv2C3YuReCNFO9i4Qi_81vU6TaQ1xZqTKe8LUNQAprdqKIUy2FDFAt-SQ6CjjErqFwpeFxcb4i7NdVP42RhZ3lM0A4XamP0DSJwrU-oDwRj1UwUT1lUJt0-hL3Rpsywgkrm2s-yhOrRtMK7TxS2kl1LNRKLAJ4J_bclGhsIdTu8FYObulTFmt_HLaznwENX0TAIPbizgZsyPh8sqQ3khp8WzbQ20gErxdXtHg62FVOZa5EwmL4gb2zWRxPcyP16VRe-gYFOjNIheVs92MTbk2XSGN12C2ypACszLiav_96Q8k8PWqlhzmLAAGWifJvqbUhmgYFPP5EWu1lOFRT9KqUdPYEv5glpE5SLNvwCCK6i0fmU15YTZYTLeES2dRGvAJoQTyuKCdEG6rP3wxeFeU7so3m_SzCEZKs6x-0ia5Wd-R7kmhTzcbG3_1OUP4ijnXmP15NVPXnttIts1xPkF27-jb_icZMpBFxrKEwwxwHhK8l_NhGERTAMoIvBqStfWo4UMCWPPmbzZ80QWKrmtsuGCtkTMASMiOfoclkVGY8dRlKr6EEX_nqkEbowev7DIpoGu0y4rAe3_or6Ncx2-pCnTrAuIUbx9NoXsGF29C3sm0nwHTqbQXPwSd0UF8ucGDZDF1eC3LBFAZpzgpaXv5Sd4u4pFHAJP9g5fHKsKN6wTtYZPwJA3bQbRg_kIrpHw-17siM3swdjYKsQ_QkkT2klY6xzRHUPatHZF-Ud-gI4-o3dEM9S5dbBicDICtu84mmqhMr4t-6v8Fu0n8cH42NVWJfX2Dt5jswnD4TcDINBmViiCz2moxS04jaYRivn24DOAAwbOV8atXuBotjEyrtxQ0MYGycBkidkm4VIykqVEyOYcmWRDBFDdMZ8PgvCacRqsQKTFRNtctUOYsaO0eJjHxir3zc6PBZau68ah-fysV7YMu1eXidRaIslF8l__r7p7ikbubQxDrJnnlMYgElWYzBJAe1XjsK_s6V_JIt70AHmMcfz21g4jK92ut5Wkzmlp46ps-_eXo5MSWUyapYPRDOXU2w1GEqWf9ort9tUaxozTW0PyK0fBIvhUnPi8MaWF=w1920-h927?auditContext=prefetch
Kick Kong vs. Kickzilla (Wide)	GDX Labs,GDX,Alt Cover Art	https://lh3.googleusercontent.com/rd-d/ALs6j_EqciYlC2hlGI5joo3uE9aHYWV9Wrk_8RwG8RpO3W83kacqxXmLDZqqJayelfaJwsZx9IS6Npc0FLQovOJGcefMM0cKuKDcyWxJIIAzRhpXFWSMyU5c7ZTvSojtzEW4IkWQWX1IFrVdGPKypzstW7U5Pwc-eflXWwuxq6JrtHHKUCihCtU1JZSWeFb704KDwSAfz-9s6t_Z9tSPyUjnvffp2pYDj0BW-SH_FLQxnGsYYyRcebAKr9a6UcQgjc7mbyd0YwDFHb3I1VpcUNjE-CyQHQzlmr8f3qU5RJFMgTGGb5UWnfvvOy9qDfAwzhKfiiuVOtwPai1FetoEBiEdeG8dZhOWz0-nT2RshgzFdKeyA0Qo1GbPxqOuu6Vs8TtyrqnCjo7EwEEQwWKl7fExIRelUPIomR0j3T31xytckOa_MKaRrRRarawP4CQmHvwfrgXGVLmUroSqDWKel0OSgZ1QH4v5swUKqoGGSFD_LBwi0aD2dC0BEqvA-cNLpj1Oya47QYPXkQccnpwhOBuSF3pCRbVIrsgqZtCr4eZorqya_AtNkdlZKsfvFEZvJ4vV6GRgnU2mWMhs_HfUbTeooLLyivNzE5UFEdaU9hNmPykHnvI88uTVYaqgnsfJMFNxV-vIqUPbrO7dZMV95-8dVyLsG5tosvAh35BrcIjLqIgkIiI1b009mMdknBaxsm9Mxd2dxPtH6kXHnPqIx715PzfVGk4cOvda0txlly-HHmZ-ZnL7kPqJdALmdIr-GRLwsvM_AKV7h6vVYGCFWSsxhcvIgLsXVWpfyMvBZSBpWK4bdH1lS8lqzAvi5OAk6yarsug4JsimDfJU1vuZFUGogYkIIxxxkimTfyOSLoeQPkEhushhqN4A_bVmL6y4bQXK5oZk-orxCqUFYqhs781v50bcO0jcR4hbzOv8IhAky_eXSKdaRPV4Ybw458waEd8dX2y9yWDTKZvzL1RwQjMtUb2EQQ2qETwpPaQUMQQwpLo2jjjN6z9Q6AH8vCVaYOMgaPxNn8hNQHp3lpx5VV4OrQ3bKUgrQxVu2RpY5k8L-s9C_UsAfYRgYjOiT7-d1e7LxxFX-HvxOKnEx9DmoH2beVDS4u9bsvub4ARd8eL3uyLDvzp9Fx8=w1920-h927?auditContext=prefetch
Ube Mamon	GDX Labs,GDX,Cover Art	https://lh3.googleusercontent.com/rd-d/ALs6j_H7T58BzYVK8pDttp1WIhP2Su7yv4wK5hT0zAXiDcYSqhAi0uB6v3vVztm5QVdoBOiQLD5-WF8djIZIHj4aZruVXXPfY5Sk511X8BiKRgMTi72cJkrjsqRzF3d53WxsWFwwl86rDxp0yNOVoQIHZNqKPE4MwcttizGPwQ0ATuBKSVf5ekX7SvjHKSPHfZOgOCUHqjVRZl1Y-aAaN89Jo2AW6mQ7y29V-wJMiUy516X8jsV9bNY65OeYy6vekXgsyAnEFti74-vYVM9hfLgDi2JQTdi7aTjFdCRYkyM6UdEx167OqE4c51ymVDdLV0AxCXQqVIWy5xvH_gy82qQ0gAFntlDivH0Ww1XBxKWF1hTZ-vwzYE38sGcp_gs4uyOJbhslsj4938oi7lkuru-Q7CtJ1owe-eYLwD5-lWH_hcpXwzDqiL6gH0kG-rST5xvw2bbE493Ep_OkREhup1M9ffm1lF0l-8hlMR4Ab9sgZL1zpzmYdHzmVA72a5muaMcCElSRCLV0oCG6T4wOSt7fdnCR1PRy3kvsT4vuCaGiy1pVKsFJPEdIoxteevBGZvzK_CeshNZHEZW_-jm96STStr14p8lkfFoOc-QiuRe5_ijS6y4Tr1g4EAI9MovJczsH8xEa0arytJy78o4pbPhHPAKO39yq6qV7oGYuGxI5n9vatIYO9Il5zU4LmlHGGpvrok8fZl7jvO9BfhRqeQWP9ZRaGTBJL7F-lLp_soOq-P1kLvuFfwz_FcWscZE0N5u9RvfxUOIyD3AB9F2BsafnE9wC0-miR1YBFHNYxYxSaON0C2o6ElcmkcyZPYmEhtnFJ4eeK9_QdEgu96EOD2-AcwTKb9K6l2frM_iotIAEJ8FVlsGQjDJ0bZcKE7xbYSRwd2gI7vkD51MlzGVLSViEptAUEhiAk1adcCzZ2dpGZvjl4sk2EKwPoGbeVYewWvtECRog7i5TyYlEiD6QyaXJBLwDVwNT9j1ke00T0YVCQ_78o13-c0y9d1bxntlsG_EZT6AFLO5t8XETYkdFAhRAcrZFGBGGDyFGcCvuxemt7S9_t_GaLyGK2imdKz_w97nws6lVkUh-nU5wiW5m0A=w1920-h927?auditContext=prefetch
Ube Mamon (Wide)	GDX Labs,GDX,Alt Cover Art	https://lh3.googleusercontent.com/rd-d/ALs6j_EKfGNPU3niTr-8nWvmtxZNBfYOW7qDM5HPkp4tnJn1Ke4UZGCgQBb9pPiMBRZAvILMqSzIhQqn9q1-Kf91raM6Er1iOzSf8PRmojdoFlDaT9CQ-Q31IueHyEaLuAWR8MZ33H4HZocxVQWDCeZ333A2JtFk0iu482_iB3c_BxEC_MU4cOlZz6FHVicJjqv__hJBxwC1UpAZ0Nw8NfxfLpxBVLf05XUaba5m6M-vLFUMLtKcqoV4Bb8prHs6A9-75ML8oxT3rjeBZtxvfJghAc13gLTe3IzSyr99u52-Ud_QnC2HS8lwgnor_elv0dFkrcCKtME2QuTqZeNSfc7bVnNbJe1fkfURVfCjXtBfgRm7e8jeimEFBLqx0qdBt5jvfp5twsLdg34IhCkxMkgj4zJV4IBvMzHpf50vhnP7Fohb1guZDyRJD-3f2ShjSVZUH-2gmCrflqoJIyL0z94qWoa5oxi5CTQcr5OCT7RTSNnJJMWiMIQobMFfKJF043_qZtZz8JZHDVQx4GLejvX-Vw7fHILQtLA0ix3ASgrJEfeqK0klNt-cRAHmkRXKXaoOZJ0jxcI_1f4Fe3YvdphELo5NwywQOMctZDmMDhMhe02rYRp7T2sES8cFzTigBj2ef-0pyfIu8sKGO4Z91ge-mYcoB3Vw8rAhX4LgHvbOfE-27z_t9VHjQF__NsItQ3RUpk4Yq_pmaj9MhF1nI8xN1UfA6DJPfn_e7fXx2nfxhnIkKAfLwUkTES98PA3Sl2gdJ46ViE8JxjDkMhyuCme6fKYEYMoudXfq4mWOYIPZtvVV9eSc8vZTFWSmgLNmYvwOpu6bQdIL5Ye0FUXJpsXZQCw57kbODxDvUWemtzL17VvbPmcl9tcpbPTu6uunTIKtEXeub5Rdv2V5yw-6wUJfV_8k72sZaXfISZu42aE_fw4xENTtVOpNwrHpjB87yFXFVEO3S7jn3wPNTtKXl59JnDsx2Qejmcu7V81heWv52Dy713E-jGlKoDJh68ASs-E6qh_UJoqpM1uTuNuvRWuUPX40JrA9hDt4lL2ay-OrXVYJcxsQ9eQCN6-yOM9mQJSA82A2QLhEam93WP_HfWlo010dKEv6DkFd1-8gKhE8klIGZnMTwXVd=w1920-h927?auditContext=prefetch
Black mold commission speedrun	GDX Labs,GDX,Redraw	https://lh3.googleusercontent.com/rd-d/ALs6j_HeRHBz6bnppspuYRkSgjF5IdXWhJKSoe2ajOlKU5js8SpSDZStERLq_DOmJ-kP7Zu1KwZYPqy4HExHjN5T-OG2sfm9tD-kfnzUGLF2MlgPOZfKfAndgo1KwaVr-RBvn8lyQz81uWmLd-J2F4hBQr2JVlXzO4W62f6VO1cW0gb0X6zFI8tYrh1Va53q4MUNmqAqDNDiFVk55jF6UpLm5i0t69ljEDIpta4MatgKGxHiPvytiI2ceX7b7ZCSIBEF7JxnM5WCs01cdI7p79AC62IL4YFI4v6t1SdpCRVexHz4IjRFAkmVOlvn5QDsgp5CyX1MxoFk4eNGwudfy5jhtQlb4lwwUY14K1rRP0K0kc5p1QlyWlgb5uSfLViTpaO0hOjs5J5LYNe7-4LCHXOIvL529LmSuTu8IveHMuXxhkap9GgGEpxUhPXEdwTJC7TE33hdeasuVjhUcOFfd6Aq2xdLAfs7qfX5iEJUsLBwxbP905KSZzczjsNBtv5t-0TiLgT77PD6_-sn5jBGKXFqgSornwNYJGkUBE_smWvu4RYlhyMyYCkCgTEcQ-hNqgJPHOdfeKDGTpKSPhGmU0o96D---43lqd8KjaGwn93S_wXSn_koA6jhOD2PU2-ehfM85tHgi9EvyM7zpl4FsWec-2uKsQBQNs8kCvN3Dn9mEvDh9FiqC8i4cKDE4DeX2jawfGfqMCST-T2oJ6h6-pnW1Z32OzFNdfNIp_SqVFiPKfKi1N8KvCn2Dra3WGxJ8qONGUdZ3dWWpWIZfZfZuywhhbCWvAQ_vUaUKPhPMijnL605bEx5e1M_OCB-UI2CBQmWF7la4JyzFxYFahIlRTlHGDXLXm_VUSxzjUUzjgE0zdlTyHJx7z07OMzz0dtAlabaj3bIgfHTlQjkZ2Mzml_hJ5KVubQVxsfaJfqvQifjx0FMLnZdnO9kcAOYEDqG4bYpoihTHZxMqmBURzsAJcEj3fjlO_MGqgCwU5SvOuNl2OOUN0aQ1me3SSL90Zzg_7Al_BEMkRPNC0VzQDBQ0YGSnd1t5KPiGwhTiJwTtxVSnzOMi7yhkVHt5r3jR0uYyLo3EQ8zf9Tug8le7z3rcQ=w1920-h927?auditContext=prefetch
deer	GDX Labs,Candle Deer	https://lh3.googleusercontent.com/rd-d/ALs6j_HKYbKQnaT2TN2PYCExuZEynOVyjliJQRF30ELNC5CKV3Ux8zpfAYeVK0FU6clwhlEtnssWG3ibXZ7xARqqyN8k91yj1ltKY0TCABiiQntx1zw6pzVmowxXNxV9dHIWjdXYwH4bNIJSmjhlJ-_n35StvCG6rovbgJV7_JdY5QaLWDzIczl9rQNoSppaBT6ettG3N8K8UwyjLbdLOSoqNYdaAVzXK4rCJtDhvzbs5aE2ncUv8CCWs2Tu9hzC9L9VXa6TWmWV4mEYvoQ3VwBLxILzLLBtu9WlyPzs24KHVY5GOxR3SoouKx-SMhoRvg04ruIVA1UW76nvZ2zZJHJwR-0OjxuNawjPRWUCKkbON57eRfWX32bSJ5NABXSMxB9OCrRMHIJv10lywwKgKOmIOLortVBmxnUsjM82eHbiukIlb0qQQHhqU95kfkacvtx_XQKFXgVapEM-XX6vC-eGstQv-B9ED2-wv7uyu6ul2koU1UihegHYoi67pksFu7615uTuRpdsB8mQGx2Rsysc-5bMsuR84irgVUm9_Lb-d-wnGjZswUAFmFUb5VDX1hHfavArPxsmvxX6zikDXgwfV0DTp7Z0t6JF24b9A3MSMXO_DVNBCTO5uXNrenF1-5G0RfMFXenb89edWPoOL90R9ytIf0CPzVMEb5mZz2Dma3QBmluZVUAOYCPk0bxigbLxGL4SrLF50On4yCXkaWBAOQz7strbvxIuRhScsNMbGm0oG8IzFxIblbL7dWMhoG5R38bFJ8ee-mhbHb9Q_ZOebwjko-6z6JZSkG1O-VglnCu6cwdt1ZbsdqfajwgrfWhpdNt3t1kLmX0SjCkeqyCAYCckYOuHBK-WAlM7FrlYicQ7q2l4OGOsfUYRzg1dbcbeYBsS2nkHq0ELQAL4J8k87JVMrIwiUJm-Ljo79d5-yd9UGpbc9uBBlZk5xvoNImi3iGgOwRg_QLNDU0fsJpPAQJzU_m85r32hGgSLbiJj-DAT_LLeUze1YXvlKZ_OiR72aCWeS0YLfRpyFI7xOB6I4t89Lq9584K61EqCqd9Ge3XATFML8Cy8aQAJ9FymhjT7S3DXlWPw2gZV008BzQ=w1920-h927?auditContext=prefetch
Did you guys hear that	Fan Art,Adelaide Co.	https://lh3.googleusercontent.com/rd-d/ALs6j_E0m-9ki_rH866O7LHszXLAn3pTONn7GPYF4yYlO_xYyWC3ZMjuwixkvihGhPnT98y4U8FeHJ5hIc24020cxtLvV0vOuyca1UkhctnEJL4c3LWe5ZSqqpV3RCcAm6wBxYzacwm8182xQMezd2hobfwH18G8VfeTPqPz3Q7rwKl5nzeIWVDHiPLdt_a5EPHiU67p_9jrOkBYBmYUgCYGK7lul1LiDYp-MIaQrJbXaNMUettObHGqdQKF6D1TKSyUfBAczGDNFos5hrtV778hpz7JmqZqlD4k7s-n1w_ezcl0MuTB7ClSpppqPACRYczOq8QAKWo6sW0rWbsoNJbvcZGvw9Z5KxA7Dj4-AboR06TMx2u2C1VuLUPrMka-lzlVpyA_uKk1I_-JXDh_G-imJc7bQiB7qBNC1Qs1VoTYR2yGfxtWN-YA3_YJZ9iR93OMEcuPP0kP-4XWMei4tNvieM75bkO_M0kT5RRI4QVoUmL8-PBevGzKMOk3p433PdQxBaHvhpdNv_gX7miu8etVy97ZBcfcROdNzklzWuVicFRmXJbv5VTRi0nAWocy6ILrLepz-tABfJD996TFrk7MVAfdg289zkj2M3wweRwzvS4guy5-oU-BZg0kpfwskDmDlPBE_SUqzGrFd_8kXBnqK_jJjLA6-UBC6ifQBLNOzIUvM-ND8A4suJfd7c5E7eKVnlRhCW4u2-tbx-EjhTUutpH-7GUWs0895TXA7lvpPlsgNDolK3srxYSTPCLequ31f3cPkZOvaTEgx3gzg8eaXl7dbRd1pGV3lsqmiFXWtbUioGx4Ygc-QPKl_wpjc9BlbwEoA5QxN1Bvk0XZSatB2dLUCIDE0NVLf5ZThx8JwVGkL7ZNXqVMOGM94LX1HNTwxii5ev7j2xlKzAqsdfwk9afqkuCu8GkbCFRGyHl6md8NNoOGRz7dYE1vlWEYoTeQ9a4sun2K4DD9D4TuTCXJ3aB5KJ0XzWi5dyFLyKNO7LHxX546tFivnX8AR-de9Qx1fxd3JZDgzzzURduIdqdW9Hjc5KBXQxWv7d2XM3Oa4v-eMWrLttmboi2DoIy5PlZi-P2HvdRfsgbhmR__GffoQE7p6UN9gyvMdGF1mLCCtaZPnuOOcpl92aIgzBy4wwDDOWk=w1920-h927?auditContext=prefetch
Be a deer	GDX Labs,Candle Deer,Julie,Lab Happenings	https://lh3.googleusercontent.com/rd-d/ALs6j_GBO8OxNua9sG17cHb3JHF8BVLxDjYyWBx16_2_XMDs_0UuANmpqztY70lBFngxuiSF156Ua1IZuI75kNzntnqzUvb4a3kS51LdN64GKBjIE3TM7CqnOJrY2pgwRSK-RnjQ0S7zhFC5-7wwXBWpjA5SB7BZbysHYzs5hiry1EdourZcAPaTKcVv_m_7dCGJafaNCn3W-KDUNnudsV-qn9xXt-chCp1y6r1LpfMqe-iOh8t9owJBpG34lfxG0kOFEaFWlqyMFtxln1Cx22rVSP4hLZgqnANkasIhOvOCtoGszDQQM87_yIRYiWc9DJ2vtofZ7g2sJmiDb_nxC2Wv_w-h6byfnJo-P0DiHOkgagG8r8Daa7hY9-dajH6NrgxtrPkU--Orbq_PJKDz7ggRGk33egaeCfEoP8m-LHzEWcNmDqNVrOCc_hEy6rVXo0Wif_aEH0LbR3ZGJHEB8pweBt916DeaqT6YYmgvjax7m-5pAlnypsA0xsxPHUFSdTUKTnxy1ZE38k80uxN7SoJT2w0izPl6YVyFLcGNPNL8qvdKt6h-ZhvZSY13JcQzywcLHy3y0KR857pU-TO1CgP4uYXAWjtOMF5pTMsHIiHZMO9oLojuPFlK6jxCMjsvzi1Pmd7L6ATap50nxu8vJCizFZDrbpL_1oZaX6lh3jn7_RDZQVpDeO8D2xn4x_Wo5SC-J55p6xLejUXNoX2cnP8e_aiVnK3ZQj_uI0fqccNnUjJpFXEnbxhg6rjAJQudcQWWBiYQ5efkYyZKSqCcoW9_W9PnmGCZpcMAx7iKqT3stlRAO5yHH9CwY49r6L_5IDxUfbTHf1sl7q5W5XqNrguvMOAgIpTOCeziQriaVO2SWh44mhlRUZY658ohGv0aIk92EQI__HIPi61ZU0svX5TFX9L_4DIrmwsswVHGEaeELiaVu-50C-vwr-m64Q-HeQvffb_b2Ep9RXxLwzClTj6PovpE-sP3VnKIeQTOd1q-7gjbsmqTQqDtSVDhQLJEEDfeGDIa9AO7JMbeYVS8MooU0Et_6BJHMLG7PgOwB1PtNQiX04GRF_7Iaae5dl0tM19U34lEOHjsdwOZmqgriwfuGZPfrbgZEWE1nlf7kiL4yyG-7q7Hwmdn=w1920-h927?auditContext=prefetch
one fart and I'm dead	GDX Labs,Julie,Redraw	https://lh3.googleusercontent.com/rd-d/ALs6j_FrkqO0XE6EYOqsFuHXctqUIMSHOqsBhkpJgFInoGQ1nX0bCCNKnLnG6q0uTiNZEcuJSUiGPB_OxMs9Xdixq5YFjynlVaCdgAs7ZWlsG9lUmKhZw80bgo2IgssDDDAW2Pci5WBdImUPmEKUbmhDaccC9cFV2jdvnBAYi3h3NOZ_Wcp7hKeg-I0xEzTu8guPvU3pNpLna3qXfKUC1i9tTOltxXCJjyQgyyoMWqcAmgV0oNDK7QC75Ymw4sOKxRMc_rXlY0OuAuHSUczBfe-vDCsdC4eXRfAe6e-0uxDyHem2uQliF6OLSr-y1Ns0MCbUDTpC5FagsmkITt-gFC3wQ15T6jGQRBIImFtVBlRHJGgy11wBAUzPtuxYGD1fRW7iLvjbEbXkzXKhPm2M5frWzWDvO-t_bOElcu6U6pBpzuSWgHBb6KNdEnUg_XwaKJZJnnwi7tLgXH5PPXoMrINYs690kYVC2zU6UwQdYTOPhKqKE_eAfPcSh_VIszBvufSUGcKnjCrMHSKslX37GysoEGPhCV8FjAlksxERjwYbYjV0NU32T-4FDwQbGGKBx0c0Ya0Dfqn_cp3IaVBJwy7M7Auz3ovJSVM8_T9yvSq-c9wu68haTp2KCI8HzK0G4LgStREvL-lLbCLdrpP6VEpcz6EA0lolRNWjlNetDcX6U6oOzDCv-x7fDNq6GA7H7ctyBieFHx-qcsxZnRZytiWdAAMh32MFjUpXhAa2J1YORztUg3GndpzKiH-s2tgBrWSqPKQtL70h2QEeC55UnIR8E1vVMYktnTj0VICmyKagFhSZUUQfmHLOhgudXY31ErTcG1BBI0qgsxAWUdqXWtDaybDjUu1r6m5umdrH8UhuaVpmocLfQqWSlX-WPW17RvuPssmyulLz8ujY9IXrgmFbqq9LLrb4R8jzB5edLArdh-iR3miy-Kx8eLoLULHyrlkNW1U7heLhaPYI43SVPSoPxfSWZBiRB-lqTLWTslJJNKhkQ259DuhDnmPrbTPCIVwjvSvsHDXsJgNYz2NAc9MyJ2fCobqxL6C-kFfaBmj_jV8_eT8Ajw4vrH-XvpG0lbivR9FDAzSMCBgnQcsjLA=w1920-h927?auditContext=prefetch
Not Under a Funeral Moon	Edit,Album Cover Parody	https://lh3.googleusercontent.com/rd-d/ALs6j_GkQtW2y6jj93DuZdzstksooWWl_3krRtZstg9r7AJR4JKmj6GbdfFgyJKpg4PJ6-XIr3MDddJOMElvdZu2Wo0mZEMkvPsJ39LOm2HzSI-_NHyngLuGNn_l88VyBiNW_IsJaPm_SYPHwZmORHJ_6Cr8A53PmVEuer-0CHd9zMMaCs3VbCaaP3GDY36WSX20-VrMowAxdFENKlJCkWPHe10jgqLJn8CRJPRPZfXm7e4r2a4OtalGgPvNRAS3Hozmyj5LVkosJV-vZI3f--DYGjw5fFOi9pgAnDJYrQl6JmuwkBebSXnrleWddlOoIDW6wpph8X5bcj8xTNSVyrZ9lN9d9HActfZTZIv5lR4Gs1ZIBHmD_zZVbKzzqs-YfrzXbPwFZf_6UzevqLZwcx4XPpzg37s1aH0Dn6TLAwFTjJNti-X6bsrbwbtr_jO3NWXKIDdJ2Do3VjS5BxMjOkeQHPEmqH1EH9OzbzljOdkiJtcBrgNDySY7gF_ENBd6TXVTtOwDPA3Jpx8wq5RXYVFKE7Yuq9UfetW2IaCiysVEPDlK__x-iFUgnGq_pQ8ZldjX2X-tBoCDf7lvy1hMrD2bO8KTa5Ts2e5e3tJu_I2Ldsd24UvFYMmQbRpe5WUmRK1sv0UZsaqnOO_uY7UUMSS2mXF8KxbeHu1Xr_Sz5gYpYFCfJ8ADcFtUOKReHRmChPteZWBdHz7ixSROysWFYIJNvPiHWnKX41M6ozNaR4X9RnA7UwP9pBSguvesMVMPNQ-hDUiDHbvzZrIPyF2xCm2K1YX5AK47MoHUYYDqtthubD9bNZMwjvOqHUCLzt4bE7rS0lWycxaMLPWtJygOSUxxrLya2o-isSHw-knV265AaE4gdEuLVryduq5sz4BAL0WnhFDEZtDJ0Eygi5F5r1QJylyIqXrB2hPkNxqwCD8LDoG5G1V9_nFdos9yXBq6i3d8u0alEr4KaEUBuqivfWXw6S1R8UtCkD8JAe_faWJ6Cgshi0seoqhqGxSko_KR8wqTzZ_q_-C6gNbxrWJWYaznq_qjg9kCnRO8LVZSnH3kAA_HLC3h-W18owZlU0UqlbXDe7xXGM5EO2wq1a9pOsJdFJSNME_bc0WGtTZ1-lhlEmZ-3_aS8nfvclqUE5an6w6TJdVL=w1920-h927?auditContext=prefetch
Token and Lottery	Fan Art,femtanyl	https://lh3.googleusercontent.com/rd-d/ALs6j_HdF74DOAgE7GnKNiY-hIoRUjzYTqCtUJl96wWtDMkXMhWorfwIRvgsCEI4aoGu_dC0q8COinll7JmTm_7ohxbhYv7BFOpabPeCDW9vJTjBAI_Ip5mDWUIu1mhMO6Y5CpEbiv_OzuQii36GfgKLUpIHzqLC1uQ5ZFy3z4Frtj4Gg7JbEFhmMP_CLfH2KvbPBe0aq5PIm7TEdHCb3sIo7PSmWlPzFBB_edP1hjxUKewbMeM7lhJj8N9UVnJ0Cn360_brevDiMtrLUBlpze_7nyhIvejReDAnfcnT1qvh_lsvNLEAgOfVvtC5fXuZgnDvmPbNbJx8kHd6K4RDpjgg3ktE04l5LytSHd6UV0723166Z4QE02-3nlkjSgUDMj67DSpb7wuVRlTTzICPqBEUhCjXXNSikMaS_omYLM_QPLD0dqLsG20EWXJvP0Jy9tEyxepnuxS9WBpZ92n5_HsisNcL6tRLY7FboEUq3sRacOLzt3PawHi_q5Dr8hdhJf7kRx6iXUxCx-VciagRVxFlFYFcnMp4JLc0DD3cc8ZZfacxVCMAqaHkOrtAEmPvR0WLRmyN0I-pwr09tpQ0mHq37CYxiguHX926RFrOBiyoTY7RCM_FvQFNOwu44xOEkV3NdppChkmXuULHHxN6odtVqdEpCK_TQDAbwNHnSTX1LuoGhDyFNuMi2nEjNEQXr120ortjgIWfRkdHse_3dIrsjf3_op9khu5KDtIHPTDgv8KiD6icXGVKH6RxptfJGzt_cfGEtHUrB_TwtO9ibkrfbH43JN4SsrlOEr14zGjXZ8sKzFJeZJO9JRgBik6KD0eFkNLSGZi6f_ALdS9eQfo7BXTGE09f2hEleB_uazIDBpDK2P-pJVZpat4bxKdXPiWTG_BOoQWQFOxPPP7PhPmeoXYmIAcatzt_6aP8pukfqQAowpRyU2bM-W4WtPf9uKUIks2X-q8xBQyG6Dm-wce3s7jrMDmBVFpTjO85lNXtza3a8w5mfgXluQFAFVFgj3pUYS3cFvKGLrcDeKTdFFpCjbteU4zNGaEWzuLkI1QJys-5LUEBO8lVI_ikHw9n0ipcCtgCWetHtFBPaDJl=w1920-h927?auditContext=prefetch
Token flipping you off	Fan Art,femtanyl	https://lh3.googleusercontent.com/rd-d/ALs6j_FvxHwk03ISzVSW_9bVng9-Vgj2p0qvBlCzVgrU0o95743yjNds8RfLAu2_VSdC2jCyHSAGCg3v0YrET4fUTrtMBfzHRxN-yGE5TQ9I3atF8LvyXpDBIbcB0b45H9nTSeBW6Ga6DRv1ZTxk9ygWwywfqwcxfITqbKIMaVgFUV7tYoWCyCJmjHBx3iMfiw7ABZjd1O2vY5q8q9svyckyHOCSQZjnA4Btr5b-w5pUyA-wLFLsdjgWPa7xMlMKYbV8feWxPk2DwjJXqmTpTibnPpHlAhK3MWOryiiOyTkx7m4B7DQKNd6PwzIuYOmx_n-IOD9gL6dUG5jbCZ_KJHo9jwpgmOnj6QTt05YJUuHcqo0FKmaLwEaZhePHFB3_6fwua-fDZa6MZzVWkb_L5f5S_vLPGPT3kloGuAGr7Mp3S46qEBptIP7UiPgoy6roXtSvYI_Lq30Nf2h7uOhnqWxjE9ZgsrNQdsm7n2m2-NwS94QxRtYtrQREMmKc2c1Hej_AmDE-6OX7azBgokD9DbbzNrkBNL-GG3uY1AkuF7VLISceF2wQbUEdsyRmDRcC_Q7_4YF1spcodwUnz-ktZ274pvdrsfeGCscoXqoLx5Fo_EwgBCF425nPBu9lf37xtm1ePlcqRWJKm30m1-wptwbpHx8irLg0GsokKRuNg6lBu5nKMX8x5XwaHbcvwm6SSUgB3kkcqxBj7Ut3W6fknl5VnzS7uJDQh5ihvFunQ0uCt5JrHY5cuv18-3AiiuWLVTmHwdQLCm5ktQc2Mhe9K_pIFgjYLVX0VqrImE1KVf1iMgMhSA8RJ4BGyR4sS-MGnb6ci6o0YeRPiG-NRbijKqqL19cQFWgYBC1XczORkdiCvSqTBNtzLiDga_j8N2f0VZL9vUwAJzMaF6xgLlI04U0EYJJBB0m8PAbHLrGFtv4EXfKRq7q31_YA1CV-kQ5iX1mV4sG9vRJEd55h261PzcrY0ijLPCHCtXtHYTrPNkD2T-xd4PulIRT2SOJIIIdTtOGq43JEByeqiHX8i613cHSmVRysYy52Qp3aA1vZLALIWndRYg60r4KDB-qNSkyZREcpcev6IEu6mucrmG0_pg=w1920-h927?auditContext=prefetch
Token flipping you off (Transparent)	Fan Art,femtanyl	https://lh3.googleusercontent.com/rd-d/ALs6j_FEaLNZYo46Pp9BGJuZabAkS9NfTPlBRhpkkJw8Q-Clp2qQtDVT-Z3y7ea0OatJ-zDIIRmgU83-gA68Ki1c4tFOzPCmNiGVFtD3qMsL6_bUY5uWRkIDPyZP1ysQHAN1RCJDScxrWq034leKtP3zQXj94yvP7YrvVREWGWPlEDlTGkIrn50AMRDDZubc0aLUxG7_TNvmjnmttFJGytsUF2dt4xX48t2COAMA98X82h60nZ3j5IfufadbSXM0vWH2ZGcAUoFMthkh8hn54RXHtlckDmr0mq5LKysB-dEKwXx8wh2jSzaeDU8_miKPUMwvayeFjjLB3deuqszzlMXkQqvAbq2sjLqd-NPyshDA45U1mqOMHj2S_Bl-2WxL6EWOksLU21Wb9O2tQoKesCJHtUI33FXjLYqKyAVzR24qpRW8ySXPZ48Mr9IcJqzagNJGdc79p5esWGmiOHG0Nt-4i_uBf4Tn0I8K70kBIEdUa0Rv9KJM6_jNFgNoA-i5NDARTkT-sQ_jcZ68DQ_GXVNh_wbUR0YYhlpVxLw2WzbL7USug8hH7aDTvKYH2fUA24STGQgTSo7RNAD5O5NgIp5n1hL9QZ6uJZjhvAGkdc4pOFacYbaABE7pw5nJDQb3eVDJe2U7OiMjiIT8cfARCAfasFILtGhK1CtsKl5C_D2127dcEMcfCmwq9QsXaohByMajbiqxUzyIGnRCdPY1MwrVd-6NvtjlYkva9GzR-ot1eafVD2GO2VqmcsLX5diJR_WcsomogU-rqw4-3f7b9z9KV6oQMyvV8O3fXvOub7u95HdhHYl07R2jzMWtfy8C4sO1_zWmOC9j39aYb7bqdM8t4fPHFc7rmGlLZlH6VdZcpCx1mJ_l8zpJdFricbqjZ1pwDLUkr0wxJk1vM22vanEbngn3rERpKEYQTyd0BDQ6e6jQqshmPi2FY5DM0AFd82s37wV8V5PW9EpWoK2lMOoAwNk11ZAN87ZDBqXXCzUBz3_MDIn89QfGENScDwRBMgQpcZewc0vDfDPCfYUxLxHVZ16Ag4E5iG90ft3KR0UPNw-7y0fhwrkLjNZLl2engvrlk1VvrM_CnvjLLZiy6lRgKgJpPBYEYdiO7vk0e55E56ylQx__fDa-Yzf-qR-RLrmX8FQ=w1920-h927?auditContext=prefetch
Snort A Lot More Crack	GDX Labs,GDX,Cover Art	https://lh3.googleusercontent.com/rd-d/ALs6j_GVEKMRqOf3cD0CfK0Rz5CCBU-TBFU0MNXsgroamgLo5txtbZQhGl8kPjvOSVBcOvtZbazZ4Pdmbl1020L1SrK5AyLwA-8PkE9cRUZcR4ky3egrLR3kOTy9gzucPPRXfv8nvembIZGHc7JLmQIF8onuBawt31yeRxRX1486L1tt4VaF-3-kGh2Fmn7MiLtCRiNcEiXGx6YkgFYxjbDLzPBDnT08uzE0f6zbq2EPwnTn09h4Yc3wu6D7e4AGokhm7YbWmQTUAF59B4UjDufidfaSJC7getr9Fikk4OsJIV3bPcxmHxabJkBR5FjyQ_Y2WFrfXUsE6_A4y2K-XvpZm4xw-LcyAxYtD_SRenSwss9q43z0votp1c08UWEfPLnPasRTnCLwmV5_URdtDYeQIKBkQsfgDJ-pn2jWKO4J2esGXuOqwQX66k6bLWuYFZCg8w-Kdqo_JGQlGkU7ty_cZJ9257h3YCPIDnOyxO2JOJptZtcnYNAZkNlAxI20ZjYlnYF1DulLxuzfoYkIRSL13T5-T6m_qDQUjR223Bl4tQx7s3w3B7QijotLqAIf-aeLpXRqYAjRlUKtUYeka2_Djd-F_n7A8VTe0QtLVw3PHAfNdE_haYMGX5qPuO95FEVT6oF3A0uZHe_-LR7a0UMPKz9ok_nIv6s593EJyx4vj5n2Yr7CA7e-tqVcLeHYD3lDOv7YPNV-v144-FAlrQG0ESA5sIy5VfPIrlvcbSqVfVNXjAtCvywgt-i_8rzgp3tAVsvtEJPhsr83RFAjdnWjFJgORkLzO7pVi82EP7XnLkjEUK6W7k8KqnuNVWFtOlEAPca8VMfxL-v2L3vDEwFTARI_dcDyaYWGiS3sMaxNEK7NjGoCwu7M7IPKjg6GzmHltJY-HmcBw1WBVubqawhEf-5hqFqlzlDZM6NE7480zshx-zsotYXXST4n6kA6YoQH7UM1DKSCTNeuKtgh_7Cy22i1xnoIezDw4q3ua0T1ArlVKnDmUw8s4voc7DFwJWVVMGUgZ2GI4--8_jVyms2D12s8Nn8TvtQaQMyjxNxkcKDqgJ82mI_BrM0yv7JHnohWmeOI6ZsI1FJGnFoiDzRziUwFGwSI2tw7EfUyckWTrPzmpTUrnNWJUviPnAU8216fhA1l=w1920-h927?auditContext=prefetch
Stick your claws in your head	Fan Art,femtanyl	https://lh3.googleusercontent.com/rd-d/ALs6j_FjYBPdi3h-_3ZdqE2l2PeCnqyzoRxTMJ69cyndJK-_CeDTbN1GRZCC1d6Or1a9U9bfa5No51FIx_g5ZwuEd-g56N423cylIS8jfkUwO3sX8ZrXE8P-D-UeV_lkACywXLN3mIVMeGH0qth-Ps4_QgRtHQFZY5Pcg_mPGHZJwyoJy4wjgEfZvKP3FrXr1oCMtGmikpIeofl5ENBUwy03b-UTYslXvGTSAoZIcXx3Dpj-G1rWGUrFrsD1_T193NLJi_1Q_mjk0AmyPp2ziJMd3wB-v6p3dOuAJp92ndPYho4VwyGCls-MseIzuKO8UJQEZldU0maDGt-b3LNFZ2pG7fTyE3LvAYsov6UcwlzdkmQZV4pOiDw0MUN6zdSYEr_nqaXml1_q3W_hw0BywTBExaKcdAIiOZ55JxTYVaIIXwAsEnnS8vgMTlrgr8Hd3Ev2EOwBTbC_Y05fbtBv2Wa943i8a41VrmOPr1S0M1z7BGJSAwuoUTwhYyMg9yFqQSt8y4EUiq4Tw0EXhUletkad32q9gHzoRhabe1rPszI-WQNqoVhrSqocIWwLMC1mb7NrschFZGzRlfIz87E1m7jfM47eV2U1LnpyEIQ2AkDsHScVTmJvhW6sE6NssZaJCtaWTUb4kbJvVYyb9XAjinrnTijfKYloOGkgUsGwSvxoL721e-MPDj5TLBCAu1Aou-yKmzuj3LyrtXRMriqdEH04FkaTq1XIpcAu1wASHABC6yKI3T3LVVWrSiI-sj9isgQTeopV0N82kIPXp2wvjLMMLXAmkifgIV70vv5-6BLRbBeteJ8xVUGN3oZuYZJ0xM6DarIPq3BeAFxt3KJCvElY5DB61RB0UdH71hBmwvuFngFRzWwedzGBy52bGZXEFUHtb_AJyiaqIHKYF7DJyjzlyYVwuk-314goQwnPkpPQTnh3g3ARCxPT8KYnFNSywwBFma7R1-4EPvm_Oi_uo2lp983KtAFXjkeW-05kvmdfSwPQYklTlRjZqZC8HHly60NR9pu_cEixioerpMWZOCtTiXhuAAm46FveeRJCaPrR4g5TIJXvdJexQBicTjaYgaS6fLoameRzQ3uqpMGvyi72JELZ67SulvRlx38qJRh6q3UNYbYmB6NLQyShR_AgmBswL0A=w1920-h927?auditContext=prefetch
Stick your claws in your head (Clean)	Fan Art,femtanyl	https://lh3.googleusercontent.com/rd-d/ALs6j_EwDWbFS7R4oRdPtlO3V3u9bT3T_2kdka0WxlHcAe63--U04nqNYpbptqHFUOfeLxgRbPm-3Ikwwg3hPOXQRngGPf8DXD1lJP1mXPkh2LppOPDsQXcKCgcUa_rDK7d57UqMsWW6wRy_mgqRM1uRVOPnvIZF9MdK3ye8ahukp4wJyuA7W61N0SW41wmg0SZVZBG8VJ0XLUZJzDZwvqDRzD-l2OCmLbdUp0t1xCt1sRRayXL78BjL4b-crS5EDhkLyzaO9hCgeLPDyoBnSB8uoGFOcLvwjryoOYKU4TFg4ZZ6eH6yoqRhWp96_zmwP2Zq3L_r8F4Pm0-h_cu1cthSgWoDBoqoXra8rlxvNrp_m4LAMRkVvUTF4hcVHK5oRLV70SpuuPV8CTWFFhZePSbzZiRNAzacZw195GHmRBvuT2MgCYhhDc0Jc3eb_8HBFbwR_W-oYPWoFjXnn-AChmh_J7ZcL7eHEffomO32a5AKBS9nyt71S0YEoWInruCWenoP_5zSXtkk_M2ePUIgx7Rw0SUBnu2Ccp2Widh3PI25H0UspJTvnMiLtufmKkqUDzDuFqoQ1RsASRg4S_9amesXX674usnWa6BFsN4x83UUYypC5zwwh2TA0ZMH4QR574Bdux37PxrbW2Rh6yD4RmeKpxqrNhcBwMOD_Kfp4DRTrWQhqQDEHDyL8HPin-7ZsdwpcOPCBmY9HFirDSgGhCjAb8FVmj2wNoSUnBl0SlC8q1qMxGQxvQHDbtlf1b1zl3SF_hPBgCMlCkA7LiWXORiwykE7tS-yQsGNm8ZfyFJJLnGluMxpzyJHpj5Xu7zJf2Ogk4J0eq80et4Ud6aVgpitkJ5mEcR5RG1ZcLXtGLQccwu0uHnxaiQfzotAxZEuscsxx2sXn7ggihCQf39Cbdj0uYU5Q1572aHffkFKjyZEVf6FM8VW0dcwW28LgNFAUXp-9drLmIoPvrb843v0b5HTx7gf-yG8H0Pk43Iz3Jp3Y0V3tc2ltWzMBvu3Uj3DKp7FIotV7uSFevCwra4GAtwaS64Yzy8a7ViVrG-qtdLRFuNAjnHRQHGZD9FesyE7joTuBzucJTBwKvPJ6AX23zCeG3F6tVcLeV2FVLDS9vQhS0xyE4QhX059tWoVh5jWoS3-wAhA=w1920-h927?auditContext=forDisplay
Vulgar Display of Femt	Fan Art,femtanyl,Album Cover Parody	https://lh3.googleusercontent.com/rd-d/ALs6j_GvDA4oUHYskV-n7rdTWyaMbhhJCe6nLmY346VA66G989ib_w0xzfRrfCyRrqILIxBb5iA_rIhuU81WW7VKyi7-Fizpvx5q6v4uEHgg02OBy7uuyakybqhqd342AI5HPuRxo7888F6Dv58qujygLJtlCTgJxgZJ7JPOzMoS61cTVmbLpt64F54mFgZmkMtVKHyK0kUf6BbWgmcV6UrF6qX52xlgHrGQFNbVBFgaVR4QcqCORbHtGpm4lPOmY7IAUFAR3qYMt_EYVprn_BQUDH9dfmZPa9PjgvqGCzWXipTV1-TkFsVfPrBEO1UL8q9ywus_AhMonutHU8p7knho9h241B-c8xbvmcss_lOmn5Ln_e8iQfPO-gAUs1WJqX-gYMs3norbyzbljgVif_CQixvuj18LbjiDGqasLJcYHE9fI6ZVQS3Vt97Hl3jTbRGGfXlHi6He6fOD12-SuIfJ8o7GovGts-pMIVE7sbSB43rV15KYaeLampTDdGXdRjowZcSHcadNYQV-EGvE1k4UuyqpcOM13Q5VkcsI9aDHG0pLMdX-5k2_X7d1X9dkDFL6COEWUifMFcbUvPgIP33AxlXuVFSHriVemDbMVZY1JJtadd9g4OVKxpx6Ki-WGqF5gClwJYj2xAQ8AkUkKz8jOh1FVBYLxCfTgZedzritOhnnRxilrD-EVs1_qjpg8XBYiZ18DeMqnpgGLLrY6S9fv7IjnER0xKO6gIXfE8JSbldsrkkV-7rL_S0D4A6l_kQ5BFrQWvxl6hxAA1-zYXCZk4FTEw3i6uBB0VniiCvaBU6uQcS6omP0PwoU-UDRxfhw8ZF4ZHJcGFO209PcQ9QvD41srVWY0IYW-p-mkI2zigVRkEdAZdIIlT7H_nl2x9HHA98tRrkQeHpwNsda5rzaXdrtqJCVkgzJaGKzsakhhvDgL1wutKtmKGIpWqS67V6Jp67l4fiAo1K0lWVuLAJyoX_MUuQfUbB9YC2nnPJwiWrRh2QBiMzpkm0qzm8NQDu-TA27w2MTZJhstUOR2wFrMevoztbQWTSjLEKl4j7wskFhxlWGs0G5tLeHXP6T4GCMAZr79DMA8Su6m1Op8y-wWRZCgBr0upxvu6uBfT7Xrx0Gu3Vnj-UwUyvM5fXKSkPRfrjY=w1920-h927?auditContext=prefetch
Mischevious gremlin	Fan Art,femtanyl	https://lh3.googleusercontent.com/rd-d/ALs6j_HL7mkdT6YH5vQ8ToW3kq2iucNYxKopd_RNi2MhXN_HNoXHOIltijgN6xDdFc00YxFIpT13ZE4Z7e2VCe_g9Kkf2uPrYIHCnAJlT7hjoReoF2QcwBDdNyKvCCwFH9vN8UpunLZ73n1wGdPiBf-VQkcprjySAQSEiRSaMOSBXNaBgbv7NBHdh0OgES3fKnjIKebHhRabLRmKlGoHoCkGiomtAnNCV8BnJCHfS6ifb8g45IHOKfSNaXNiXZtc5IgyBBBaDlaNk54w7ScNWdbTG2a9OSRJBzRxekjvPCaQh9sApkxT6KTIeC3Tfh7sIV58jD2XwOHN5khNpNRwrRmsrGCExjl9yee4D3nbrKc8zYthu-MPOoV8XWsPAsQzjvTQi04nPuLwK8FT9ANgUog3_ysgbuuGAawOlb7eNuIFidePITcoCxDpycs_VXgwR0HBIbsT9jGhWvRbB4-FUwxAjAyOl4ZdytRToMHNkdulSJrWT4qdaQDokWmB40n4mmHcJ-zSE3kzE5DoHjMZ7jg0B_hD4Y0X2uO_Fa3jBsKC4FqzzZmhTS541Dz1HSGcLBDXrm1QWHKSiZIb-jlJGegvxeywuQ68QdFtY_BNHlzSsAfW-qRt1vvqXtpGvY5crZi6Woa6e03vYY-khdsCvkocmRfdtOLH1lwhHhwMNNOAf8o5ir-ZwGai82-jMiufzOOYkk2oKsAv4XqhQyMQ-0Qq9w6D6tdhjYgH061rHanBy8XwheBFzdc259chLMH_r63TN-_5swhv1OgW6P1AEr9UvfejuHrKxJHBUxAfOstwYA7fXEjFn1XnhcZciEkLsHrQJf5y7YUMuFZHOyU8ZEHbDBgmFN2S0ZMSo_CMdyyvVCx2o8BX7iEnFzuIAkA8OCc3VgTFHqiV-EZKOwI95X6UxkxshtulTePgzLY2LOTYtuImOPevq5mwLZU3-WyAnyOZ-u9oCdkgbZMHUGmhj8n27fmiWGbT5OkPd_-FUCMajkpBUJwgaCmyJl2Cd3fcVm9u8WLFnVLh20u9KL7Lz6hz2E4q4exU4ox1q8bY6KgmtRF6nysboVxRE1or4eTIBgxMfMWZyza74ESXQUjdyhwNwGYaocQfqmV8ueL4uDW43-fRdn4w_4A_I6LnomkGCCkp_YoN=w1920-h927?auditContext=prefetch
Erm, actuallaide	Fan Art,Adelaide Co.	https://lh3.googleusercontent.com/rd-d/ALs6j_EoasE7ziktMtifLeXnnih5lPOvTbb6zKrhrymmpirjzqxDqFhIVeKQWpSHXvQOOMNFL-3OAYBjqEkNxIhlGhnGSd-47Yrc2XKgvyvsanABsq9td7FvuJLkh_Belgq7q5b-qhc-dMF6tN97t3j45gIjuJ5V4wlVQkDX_GBIDg1cSFPJb-kVK_9mNVS3aG6tZIuqE7hn1lxJUS3e2KuBW18Uc4YV0Svv1sPDtv0XtsGc1H9z5MIMcAFQRpw3zQ64mTeVRNWuAwvMk_P4oolYLlDwcco0IkEQotC_M440Zo9_Grk1EJRGlTibLdSE2Em2STY__q6_Mv65ZropgyAYQv-Y-rAqe-SyUw3mLk1dM17si8iIf2FncZVH8mrtaAyubkLghiLZjNE0we8RaZYythXRDuNKE_M55VmywRYM31mveA2VrvyFy4_fJhtvuHYqvcOdpZIYWm2neK_fhW-gWt3IXGIAkrExAAcVbl4tEq8U1NwEKqiw_eaysc9a1UQFCDIG59BW0SNbUheGVLFiW6aEkX_6FqYijHo33EloPsPoysJxH7LIGQ-O-AU8Y3sJGcjg2ynjcpt6WbeiwgnA32ZUhGWsAXrtbVa7cyE5VgvYau-U6szxhIqeuSZWylYWZe22npNfFRzu_QxFrOriczJ_ySoB2aJyLL3CfHHPbFcKoh0IZxw--7F1uVKzlwTmtaHKER1KA0L6p0vGbmKaNEXQoHwap56J0x9H5cdO3Wh_tcanH6sBuA3IEJFei6Hz29EtQrJtcL90xj_k1df6afpgnwv3vSH0wfvZAeXrVvQG4_4jeWk2oN4rn-g83VhAApp9vlW8YsgSS3pPFGYTSRhEVzcVEFEByMbTU8R8kZ2E1C2FgJwS_TWXiu12JENbTSwjG385ttN0oYmbn_o6YbX_No7LK2Txqr7auAaEohOkiYYYua-jMycrhnJITXrEgKyn1_88wHLdq9PcUiZUZh-IaZBs6LigiegxCAsvxnPOxEkNud-vWi-Z4hZ9b93pEabxYU-S3lJqiUBqy4ej1hHbwIQO5JA-XJPAATvRH-pAF1bC_UisK8i9eDpYBuZ2jI6gXwG1ZMkbrSsUbQFF2TvV5tupTXMf1eBkzehRSz1DTZGCZbSuh0QtryFJ8D01SbAT=w1920-h927?auditContext=prefetch
Black metal discourse	GDX Labs,Candle Goat,Candle Deer,Lab Happenings	https://lh3.googleusercontent.com/rd-d/ALs6j_GIPmFcd3hqMfirUWZQQ-_4_JzMTLgR_osoQq8F55wtOIntpm6OcEDSh-y6UxaNg5AXF0hQhhGd0fWzALFBILS2t2Q88AUWRjTD-7M775SanpqMWHpP4J9ZNzpRTNwVIR_YdXn1V7ww9-dl8NNwG1WVQliY9Us3agSorb6Nw9JiidVnEoh0xxrzjRuZGnX6p9Le9sF4Rh6HWkaZ9U_Ehf3CSPMNEbpPW7rPVZsMKiREXNNtxTvluay4rX79uar6Roz6mNqTW0pnllN0bebFMAeV9eKElRpNGVOzS4IXA8ZhBf8z0VmEBmGXTJYqo_2omBaQ_aLw3_eTWpSKR8HqMqGM6Ly0OCnqR1f-XGhw9hQxPkiJvQSTHkYi_4maLPa0HYWr7WYtcxtszQojnrGyJC5KeMU51aan44ITAFmszvd-kVOn-BCzo86O6qfwX8xkHualdPDk1muiQGJxiH9UtvdSiuQfIne0uS0YULd5YSpfH6rVFJb9MZf7aA8JOlEg_3U-c-TRCKmwUfffFcPGF_JxawSBlbCMT6zm0Yop1S_if-NZrFMtGtquO67Ib0daGld5DLdxKR2OOidM3KwHeCAVRcZCFdwwstFnAfGFXJbDTAkRvOVXXYskjhp9Ue4qRVyHUYs4OlvGfAa4bgEJRFIwpdcW2XjpcbnUDV7YfCkPIAL9v1VJ-2ihvL_CTLHgW5-wjjTeV1btkba-mVwAgO4Fwq0YcQbZhdqsZjILvReqRkEtYSakEgK9rfY01WxaHjwNq-U4BsLcyHbfio_7yFjpYyP7RO7vVDjbahIsVP0hO1Jn1nn49kDxXzno7VMCl-JIriRHqSg3dpyg0z4u6iDUT_BHNJVidkEQU1DMrkHyLVwfMZSf9ltWyYA2HDDu8ZFH8Tf1pV-MTYtBTGBbJBxfYv3qrQ7YnsmhsdLBscB8CB32V573MNSNyb3dDdig8oip3-pRhgJL6NneZiI_K7WP2qpHxDGo0_daCT-tA90tjPXbupJCIqKmmUGLN-7L5PRM1b64DUTmEEOMgUQbJ72pWTMjAyYzfqtgQTPLhsOuqMlRRzchhSygo75MZKM8Wh9qZZe3RIlAFNvIoYxnI5XXUQqidMw267Go16lvuwmDvhs9DaTiaAnprhU0EaQ7CLFu=w1920-h927?auditContext=prefetch
Honk honk	Fan Art,Stomach Book	https://lh3.googleusercontent.com/rd-d/ALs6j_HyDaF3BqwNn2YK3llIYVULHLDXy4x_-fJhesTM_Llr082LqvvE88jzS0XYPD837JqIgvisT8NqdWvupmz-f1gIelWskBhdKfUuJUzGlglcwEiHmfzZINixjuzn1ciR95tjhvWUnrWdaCAoC_XxiUMkyCLotUFlZxmDfMXuwR3JhNbKwXYruCEWvGospdfZY6lf0SfzYa097tK3Mc5CCQ71BvXhY91H24Ce9CZjXL80opcHoaFH_x9O0ulWfe02IyVPiWPqFF7gTchMUT5ucdGDbBuUeDrbSqaud0oPtZqOcva-TxL7fu-3XkKPVwJH7kZPGsiVSZcvVEbtBgT4qA8vqJf1Qa3rbzPcD86YfMdw3e_Nh2ZEv3cL5e34qQA3AIipDZi5nNMbWlSgbxj6uWWSxEoJv0FJOBvm8Nfa6hLoXOvIhTPfz1uOuaL2g4tJfocvWLkZbw2CSBX8e-LSToR0LwsVa0H9xrd26vfXfVMxHoRzWedfR605IvXbMQc-7-yfGgTOtoE6idWI_spVx2SkEwKctJSjj1vvrT3coRKFbEXmz3ZS8bwF95fqwSyf8m99dQmgEZ2EKQ9hn_m1BBYpIVv74uw1BG_9fIk-tdAP7FaX3iZOFNC6gnTWqsbXmxX0dhlUauy51pL-05IkEwS88y5suyLMM-mFk1gbKKntlUGKsj3VblGRYWHCoObWp9RlYKMS_O9LM0BXwox5O7NBAuGf1GYCe4COOm_2IesgPmDWehNdi5F4BaVM_KwUiJ24OpNnppnETbrOcCBsCgdYQ0ZAj0bWykYeJMGfW16Hy_rG6l_9xeci4y5PUmjgzrYcrnJ4M-hzXd_8Wv_1Y4UXFBTFfpZaNZnLNfqLqjVGyFJBod2YCuNPYt5IDF0PkWUxaa312XP2CmLLuTKfQdQ0H1GQsn8rZQ9-NNauno6bdQXo9VxY3-EeUdM7pBRZjTLS7hubCeK7-UDsZWiLTAv3Ek-ZI2AqnZ6pyMtQsG1HeJIuSJywG519KkE6-2JPy_zRBvTnkNMc7KNNpNIAyqu-nBmjUBHNd4s1EMomJiuDl5wMlNn6RjOKrwvSrgFwAJOQf2ici4ATmewZc5oUQL6r09FvEMDQZBs0U5gHcyeKRiS_14rY46ujI2rvDXspvt67=w1920-h927?auditContext=prefetch
Sleep	GDX Labs,Candle Cat,Melvin,Lab Happenings	https://lh3.googleusercontent.com/rd-d/ALs6j_FD8--8DkgfMm9v9lTk8CG3-UwzHvsPMKL7OvRWexV_5F8aEA-dXphGp1mOie-HgEp37f0NcZWgKHPae5fbFf8xmKw_GEHsXXzVQL2zBIb8vjabsMSoaniNtb7V7KTDAetmvYgXNbFKWcuOlOnGhTwJys02wFKwlA0NIo-UlSxDzL8oR9F5z-xDgF40rs4P98IGssAtkdfadMc0cosb2vP6wNygzneY1jZDzar7LPbnRGxIE2GtleapYe19mroFmlZCWxx_RVNIEgh0LRYs264RlpqvARwHn29EAzRrFFfy52KsrUgUBAC0ZGjMnJZP9b9FCiR0ayPNtbZWjKqhLOO4DHQmFi3OF4VNfc8ua2Uqs6jvnCPfAfHyRBr_LcdauWeC5ZH0Himaum08XrL6R95pVDGeJGy2zkajTjLmk35qmCAFb80Ysu0wnto86cVXpHPtk4yHFx4PlmXnu25EA50fPA2i1Vb9AeAzdZULTunF8eL1mjTPapKqM6Zd0AqYwik7d7IA8dSues1O1GXawBlHeZClTKxpNNfP0i8VdlZV5LySPlrmyYF0OSjNkQoorITW0R6Xa_65X7NIN7Cp7k8EmvQKE87istC01QZSoFgZQwXfmCUZ8_wo-lBuqLqXu4MFpZ8wSlCq2ZjuJ33VYLCqevuI1kdHD8unXLUFSWqz6Rzb01t_z44INwue__ESqSAtVt0CCqfV4UsRjYOqK1yVOPARpTcf8MGWy3GI_oxn2OVXHOdocWrPgaa2yaKOeBdhQIhQGK2Ir5gQf-LPL-dxBJYRlYyJqF7_VY9GFwTBgOa9YcWrVc_AW7G3ffvv6anUw_wj12GGzrCRuUHxZLBotcrDgMyBxzR8wAISyJ68US6GLrObGXMY2B3ePNHCRXtyIRcqXjftU20T8YJtVOwyak96w8u6LVy5iiW86-EnIxspiNGZPWQJvtcPqFp6DWsRmTNYg0cSL3fsmgJKR819pS-fT9KPZsmARTJcyLJGhmbZb4TYdjoaRAsozeFabyfObiMjNhs2oH7O3Kfv4VdWpIFsDhz8np7Eqo6kLJorwyfVQbwn9CzHP9_XL2rHw6POaNSEr59mBBzxcD1SGfJT7hckxRI-t2PPYMQq6DkzqtSn7I_irqgT1Utc9fbheLdC=w1920-h927?auditContext=prefetch
Worst thing to happen to Token 1	Fan Art,femtanyl,Redraw,Album Cover Parody	https://lh3.googleusercontent.com/rd-d/ALs6j_EWoOUElwLPPbomAO6CfACXQRaVMXcxUfCn42yw8jVQsptzKvAMl6egmv_RAxOsMZdi2jQaYyHkiQrEC_2Tz3Wn2zDUxwqHZojMYZXDJWHRBBt52jKdYSCcChqU8mOosD4nfA5tkW2wBTAALZ72f9VvR5W0qZJMrLszbsrWs9srCKW9HcqAdWoixnutlnFd15s0Krq0iRnt6UAJZ2Owy4lu2tBKCvqrGMszFh2DQSx405Jd1Yq0gzM73yKE9OrLzN6JFAK4cSefP_jHSB9NkzV5vv6MuTsBA9hwuNZfxO7blMB9rOYJz5xkzLz9hooEVKolYKzle8D0e8sqlf0qqodRwFFiheQwu725VarZIfrJU_F_7to_YAB7s4qw7lqz-2X8iRUL_2yyap-C4UBrqeqFbTvicF4EDT-3d6SqfsvAKjlzb6KQaTmw-lis_BbHqz-SDR3FJWNPmR_mH8x9EUirQVyVZLqoqTVk7M0LHpBe6WNC5pxrVwkRKqx7E011yusumcZUadtctudbPPn5kdnFNS85xSTcNBbmCXrzmRE-GuHxTQ4Z1oULlgjWqFBa5s30Ovfb4BANH0Jn1ORpA2TfNoqLj1YDYNvaqce87kPcKQuL4U_dzHJO6sJ_tzcBj3_FHfQcOg3WsOJtf3-RLDLlPQsdlZ4v_xnVHikJE9kH-KOEzhE60Kizl48jvb2AAN7hKmhpWxZrZs3flFMVDUPIChtLgqIC2VgjOWrgvSGJabO-1Ge2OZ4haCB7OO6dqfantwHGJy_rAhQ6wT2hH9mP-FkS-O_P89b4MMc9dfCxM-bZn1qQEYaerjyjlyL9eVNw_IXhYBlEXN2Fmyt8YbdQ0CdeOeP5GqdEMCiIPmsSWMh3ARz7tl7TLf_5SD3U7u4yr7CPLY3ZLwsJoU3kxvtZGgqVOH2Bw0aHpvyLsVYoNuyagHxOipWnp9fUgrR7qPyl-BGk-y2gQ1_ocMUuu8b9ktsTNLzhxWWCpu-o4TR9dlJTyVTEP1RqgrECPPQHaLKC7jVCY9t70gJOqTIvr3qFXKMlPHi70UEzOB3Jjku6StcB4HzNpJ4_K7tN2aP9kH2tVL1gg9F_idB1PLTl-vXc3XL_KT6Y4tXZKNujVcpvgQJB_UIPjylBzhdfqp_fzbRJ=w1920-h927?auditContext=prefetch
Worst thing to happen to Token 2	Fan Art,femtanyl,Redraw,Album Cover Parody	https://lh3.googleusercontent.com/rd-d/ALs6j_GLTeTtjVzJBWK2O_LEqm91fnGWelaom7MQ5K9dzQUQfipe2qVdBYBoiRZIzLXdChZ0jnNqIqQM33pI35siVOo5s4lb2eBA4qOcomrCBV4wcMn7qOUGiHsFm5LmDrtVrnjvDUgLQ0hF9OQgLDw9XUeYX-ornLixCHeserjdxGX80yg4rIIvgznJByOcuzx2kHB7wICiHqhv0yVm7hTA5xzdXzdawdlUOpLI0v_yY2yGKew3Hbe1QNa-IHZhGvjeKoN13oTbC38MP5VujhtKO1z5yBSI0fA3dO1X6XJgkbRitgwQZ5cvpjCiDn0r775M6vVTJkbcKNlAfyFCeQ_uVxDXrNLGIjmpj0hm8C4hkppX_Ws_19X7czK4vPZvVTV3z9T99A1XAy9RKbraNNhPkF1dSy4XSA1ATcr9lHEOfDSekzWihaHmemzx9mayLSTSBtuyrLOmzZCscRXbS28zkpFoC8M-cusJ7aR1QPUe73RMvAPbBCAEJf7DTI88ijOyXutaQq-ik7UCJoQHxcDb_Btn61Gqv-7oHovgPOY7cAexjcEFXO1wh25n3crpaWIx_SHvhs-tp--sEoAZdkiQtQkNX8j8tX55zcdXkBl35rohItiEXOwOycb_EGCM4pNOvE-hdf6Dhh1bFAuss9Z4-5TApHhYClEJfOz1K7DaFWV04MaVp-DqWZ5EWEJ294NENLG4aM5QbUYcj16BeNi0lnecg7XBZZLq8M8i2hJQmOWz8OEOvFmFYIIvZEHBRgX1BV4vhNRYLA3JYkK8_hDJjg3i0nPVCnDEuu42zMd2LiID1oOihiGGz22kkU2JAqMf_KsgIbvIeHudzI5vwXz7kB6ORoMP7mOl01-h075LoJaD50HIcuAD_PfHfJ5ml10PkDeUh_cwYLbLKOqNFjUW9W-9DlsLO5JafAn9rsH6UDYKT1NKy6POSEiH2hYeSyKAjvXcqlTi5iUKw96qv-l53DMFOXjZVUmDBE9ZDSXpEhzIaxGOiHMk9II9BiEsVKX6pEzy7hQpTeCDrUuQS2yj5gUF8k0NeFX-lf-Nj8HlLKdM8X2YAaKjX2UNRnHtgagdTGhx6Y43RPtnbLCE0l62kKhDyp3mWiFC_-h7ieROOwaWnKnFaU4G_JrBUiSiTfC_w1b3=w1920-h927?auditContext=prefetch
CRYING	Fan Art,femtanyl	https://lh3.googleusercontent.com/rd-d/ALs6j_FW41aYPo7m0IArJKmqmYIaIm4-QKgSjkB8TqEYE48ypBx-fWAyGaeSJqovhHqvwOD3lGIi5xwLuIGiN5iv241xpecOQCidvu2tth2JMDrP6mzhR5XrVQujnSrPDWzEoKVlk_O758DJ6EyJ3qoKES2vQ0d_BGBM7S1AlstkvbrbaN19H_N0DRzBA5SZYVsbYUgt1c1_FkUGTqWlLpbYPS9_vqvWNChd1inrScONq3l4OdKAK28_rrBX-PAwiWlo_A7_XGsZC0AY_MgAaZmEbR_ndckFO4FmnMsaUJ1__q8vONDBprbxykPo2VHgoPz3_hYdoS47T6xvgDapRK_5OxjbW3Tj5I0O7-lcNFlcIW10F-mj6oAo1Zwm83dWrSmVf-fIN3VFXOmNlBtHtcj0UAu0kls1VBn4XNi45f7M5r2qECys9uxH0AWB6E8HlJ0KCmAcZp7wkFqyOEj_5es9Mnl6-rKIWUKBq-GrQXQcEcSw4JUt30WVpm6S1w8fGFbDKmBWxOtZ6opiHBFnKiYH_YHi8UePICrUW2BVZbNdslCO5wCLtyxUeRvLKR_Zdi8iQoz29uLbaTfmJIf2Eg1r-9EUQB--KDn_Ee5DcFyKSWMs0BWN2OiuI91j9o9RXyM_Igtm4vnm8smJr9FRJbMVjgSDh3RQfqElbxgVaIGotImv9k7e6fdOekw5Uhc70lDvliGB9ruWyNc6f1XLZ8YyuR8sckEBJ4x_1ijjR8ELjhW__HpKXj3Teo0o8ldcC5yBvdsqdwU4Bzio3tVJw4-10j5o6MiMf42TXK3Z_JpCAhBDS---0p9ztKNbR8lv8a7yMPKBGxXVTFzJVLm8dmXgbqH7ws-RzuJyPP_A-Bb1ynwD9YKj3uzoGDMXRUdQ2orzO_J7Yt8p5bgGkaJrreL65UxLB24sy1aajT_X7dyf0rmW1O0tz8mk9B7qejqBpEpZUJukMwcqVoWgrRz8fh1TOMPWFajfZtHp7IOYjF4jVGj8g2IU7KxfZtZRpP0ILqSjBuZ_SvGgbPdUyPHPDk5Y_6cEN-gS5I5TdMZ0tznfojTNB5pyyTI3FvBiqnIv5s6YGwDOzro1gtuNgOMUR8U1H8N8kqLTEuPfUiE3HUqA0J7LbKTRFv5YTqHAjhp8V71kmN8M=w1920-h927?auditContext=prefetch
Aseprite Rico's Noelle but Radelaide	Fan Art,Redraw,Adelaide Co.	https://lh3.googleusercontent.com/rd-d/ALs6j_F8hZ6lYez3JQ4QwMA8ySqL5ElPBPMndf3Q7GlY39ahhyhaAqetmv985Ws9sBcAg3tyaw1lvEVmTNCZmuTE2Tpq2uTjoebv9mwceFh8aGSsPwa1ZYfpPy83QeIArWymhyF7xIoegT7R0Q8gTX6HVopCtiM6oLUiBxEmjrBK1DZMisQGAwCEvpAngRaRDmZbqZ1w24Olr2jZ9HORsVM58BRU6O3UxzRGAApCD5h9Sv_hV5jRu8IofL-2SJlVI3dCWu3z6O1zbjWBHr78mHwsaINgKBkpCrzjqGmbNHn6R4H2HI5WUBEkEdqBC6A3mlNoqjimnAJZcqYo1fruTPYWnAVaOAD6qtfrI4M_9kxUDTTKEGNkPhLmJ-ha2R2l8Vzqp-D8TbWv66lmDolwPPrD7zs7Faa4OxU001-Q02rHqIQ8cs1t4J2GJtEQCkHTIjEjhFQPcpu41qxIKFzzThf2Ja_20m5Nrizv1wX0HAP10_9NE7LeCGqd-g6RXDsZlFmoNW5ZvqWK8pMSajf3sTYVPDM9iX8RIPANQIOsmpLbTBzI8jVVOT9wEo4iXhZxdI7Q4ih0ZspQXoHO_zo_qbibSmyQ60d5RYd6UgVvos88JdyRS3hEIPSGzHm6FDlL8RZ_5WI5UsnVM0US4M54WPp3ru4J16OYoa1SYEzggAt5z39hwOaWnyF4ZbU2HGvRdyz0lJoqt_iV4Li4kKIi0hL7eqV4gguW-p2m5vvNG90VcyiUltmGrCa5ZowwuQ6G-aj28jF_MFITWKAHmC_2QkiRaZUS6HbfISct_pEaWw8uECKqeTTJQIvdcxYOMSEsIeQUI63CCK47o-PE1HtZTBC1TktL_0wY9K2lkUWWGKNAeLJdFbYoEXVwNn_1lflZAAExE4Yoymg_GnahcLxl8I4w1d1adRA_7iuzGHyuPHWl6zyPlwuEHDcQBK2_zvYE2XqNNMASit2R6_quYoRCGNop_zXUcykK5uZ_KikgOpfPEa4xec_o83tU29M8zZTkUOsS-0bIqTGPHK06O4TLDvxKHNejSVtzCJ5XL_Lt-688SBU93O14CcobQdffCE1PWV_7jHEgcYFw5_Ch5nd3HS_SuH8hz72Pboyrw18Df4wY7as34tXwD3Jz3w3kZciPFF_QXGs=w1920-h927?auditContext=prefetch
Aseprite Rico's Noelle but Ratelaide SAD	Fan Art,Redraw,Adelaide Co.	https://lh3.googleusercontent.com/rd-d/ALs6j_Gdb6Guyp-zZOssDejk8NVZI4p8S1-bEc2NrexKaXpkU2enAWsbCJaHx46EpawddKvJOCu2PRuf7WuEe0Rrk66F7-uzjt3mHxeyeh1lMbBhF3dshrE3hMdl-zkSfT-la1T4V9Iu63NxflkFxEEsMlNFrqPaY0mY012vUk694w-bvFzjIgQVRSfuBfS_BbyNMxe52ht0StXrKHmYqe3eJLK8wSGL6Z0uJR_gifYms3Gk2S_WdwkDTqnzOfenYCt99CNBVgkFTpO5yUwREa9zT5fAYqZ2avd1EHtjsCO7Uu9opWVyuaPCOAlOk0cB9PtarT3ewCIoxiNOlrLW9Kc-aWe9RF_UTqYmkllNPX8l0p41bDbsKJI873NpigoT7VXeetaWpwKmBYdbkB6r6BEyevN-HKIuYfoi7JpHEX-7m1SfycuUm4Wh42Yi1MyBXDtZ3vEDsRG-OHni1o_m0PYcb467ptX_eD6cncfmADLx1qOXlsl0epjvtM9-UbCQRTuScyIjvA1u-l_noiYAp5557VZJbc2SULNpt0s6mKqiohXWR2t1tmtswW94YNLCxYLLkmS7BlUPLHDvLicwNgpcRlXsOrWb7E_m9Zy3Z0rmNe1ANWxCkmDjwdEenASeYlWUqKKrLwaT8zSgsbSK5Hs7cGKFjH3_DF0bg-1pcPyBPwZ06h3zQAdlqqOXclmy-9ufjsc_sIiNQTZfyXlqEfEaaKLk2I406Q_Gb8ouEGQHYSKwyfeDBEjzUZidrml2BkXIZOhyaJVvUdnV8tWsHjncN-gMe9e84URVt3aR18sMxR8yHNmw24NWcyiTncR4tXWJrvAIMTdqK8_ljc-INcZblFVKOn5sK2CS2v23N98ctry3soDsz3WjC3PCBGScEfHDOfKe7MRs1fyuUBhtM_lksKMhMsrvzafi5FlVchFiS5YZ4cReI0Z7_g19MGrGlkLJTEEePFpKVtqbGpH1HJQQ_iyL3Zx8-5Z3dozJQDzaZZCQZuY8PWSE6hpkn0zKNPr1429VNWOJzjSdOV4QpdIudrblZjZp0l93gSY-hg696XuWKuk-JNlwouXqhA5GnqCO4xaEfp6BWWw5oI76u2J8PHutvfSiPcy6w4_afz7zOAyb2_avtsr_ZcOgRor1tkC5A_3t=w1920-h927?auditContext=prefetch
Beard 1	GDX Labs,Candle Deer,Candle Goat,Lab Happenings	https://lh3.googleusercontent.com/rd-d/ALs6j_F2eyBYYkbGfbax4-3ogI5wnI0BY15h1ZSzDGv47ab60CFMaLuYQOIOQ9W7fjNSLR_RaspvgzniuudpiaN-ARiLT_tToUy6iq3RZRhxqb9PPQcx6qe3K9P9d_B-GnWkVLW9j7dqQR1ICuKar987Zk2-fVgjxKSBOUHhUpy1mE35F-gDIdnKMmQRX7aTvqZDknp960Q9QZ75lsfbF8u4YrsknU83sVftu_W2HjXCL5NTjDc3IS5E2EB0tRW3MTIci35bz9khz7uI5bbbA1VsYsceZvUfDE9c9aoBQsuiP3q-JbVFlXLJPUNi-JQ-Ygx3BucvwMqaBCVkFCR_fnGkNVJOZWMfVoND-5x7J4ChoTkAplcDAthgfx1WKxcoVqPcHwt0f6d3xKVdCabN69YkhKflg9p91_9b1jPMR2kzJ4-QvSmWb01mQ-ft58Xh0nPyNebVio3vrJal82GnUhg6K0vH1oweXsFOvYIMMaZWI_fzt-1LvpIPCVchgIvYMsJ2S4VMJKeQo0117NX-6ziVtiru69rTQMv5zp6Dr_U5H87BVWfzM5iCwV0OQ9lKkjtIWlRD59Y9pR-kuym2AtQ2c-8W-oWq0vS_watr8KUd7NgHQw2wFtIJClCrGKXWHK7fTjE-qSM21leORoW9LaU9X0x6DkuXLTrP5f9aej-K8_WI5059ZYW6QEIao3V9tIg7z2urbDIro6oUhpg2lMRotcJjfAiMeHhGVwKbpnLD0RTsMG5-p0DOdPkSa6biqDezkEgSNjWtcQ47ekADlirMg0Ah28WtKO8NgmfwMD_plA4EzuMYcvJaXWfu2a_vaCgpz5IDSLmcUcqu7MSRUx1S8qg6p9-vh_87J2nytQlMRsIvHJ9IELklG_sm90SvfPv6KHhseZTsC6qpK4b7YoDoByZeQBPFP5SKCWphXu_jX9bhY6Gf8K9DlfdcALPKdNneEXhFVGgsrbWVWSrbm2ZMaClpijVfn_uVZE3c0LGXbW2tGCa3qKmTNhXcN1YkyP3ZZ9A6CdVdh_wgCjpSRQON5k61pbrkxDIAvzzWI8lZG0m12tNNAlF1cldsB0C77HnRaWroLUdWtQruX_rDf6-H5rfDiiCtfPG90YXe4R0nGuMunToJUD3ZdBTTzK1HdgNFfD1jy3lRCQweuZOn2EFcZr3NnQXwmj-9s7TsXQM=w1920-h927?auditContext=prefetch
Beard 2	GDX Labs,Candle Deer,Candle Goat,Lab Happenings	https://lh3.googleusercontent.com/rd-d/ALs6j_Eev9bR29eQ3maWNAyLeiR6M_W6bl_wF2owgwoWMnTZ9Zcr4nsAxcjypTG2HUdnoe9WZp_jHZNqnZm_nmK4PYNirha7KbPeRCkSMSnkQayTlJngrRJtsUvYFKj3IhKM8U4HXOWABFxN60dJa0q9R2sfAKBw5AZLmviEwsg5v50IecJCnzHmIyuEfQegnrsUWE-XXGV4YNj-fhHuTWIHISs__NX10zwTYoXoCNBfiSHZXx1E0i-Z94NinaOEhFD8L1SSgR4zbuEO0R1r1_nDvSlgZHHeNGD9IORGf_l_ZV2YJEUa9wNUD-5I7_7kv7VrAODAABe_ri8BNW9HZatD2mPjftpx8IKUJRRoeTswiej78dr6Myx44-OD0Pl7BVF22R7RVgrNVyeERWXBp7_TolVz7Jlm7EOsNvKTqSWg_rCfEibRXOr3RX3wLAk-SHyNUBL7ad7gNKEdefnklgWAjHHq1dmxX6i8fMTyEY0aWxmRoEtEDf13Uy8lTBhAhgfo7s7tZqfydHPr9u1mZukYmlMFCnyaQFS6HmuSYbIGtDREP-kvL3H1NZ7DWv2mt8sY2Wj8TdyGGHAsteUcAhkuRDT2PMkVuRoKnXbDGJUQnWTmRzbnRpobiWAT8-zRUJvc0oc8YGmfT6AslbGhrictAbTob7kY4aL2EOyDV-z5TXEekMj3f31ORuAbI0bWJ4jD6vp74CwFB3oDcIpQv4YKzM1NDx-8_18mrdF7BW-8oQU5hZQTMzojlxuHv09eEASRLKRdM2CvP4IAfcpAJhbccy5NeoPP3W0-wqAlJ2uDIBjCX7ttCwAvO35JAmlryjjpDGzmccy-5h0TtpdEcxWBYB_SCEUUzTx546HA_rAY4DxzpHF9k3o31BrkOAV47MDdZGPvqGWAqWaSYSaObHYp78vM06kkf4I2v4LyJlfwZmTRLX4gqUOsyr6i8-6W_ygBD-cwrA1HCnLvta5MHknX69z2YqQw3rmN3oX52bprBBTM-PwSEcUDxNx90lKUoNoJvREwMLUnSZIM-Qcvq4aKKCgdBMqed2sFUAsOWJBSnYAX6tXmr5I-7nncUSpuE8n9Hv88CDgAU_qjP243bl96x4Cquh_1Zz4Pt-X0TwdMMhtU9aEfLTbu5jxtofb-PwjUUIoezYNeKJzgiN8c8CZKT_1ebOmvdR4M_2Fe0Q=w1920-h927?auditContext=prefetch
Beard full	GDX Labs,Candle Deer,Candle Goat,Lab Happenings	https://lh3.googleusercontent.com/rd-d/ALs6j_Gmp-x5fIB-NeH91uDiAujtpwC4zveCtUpJ6a1BYN42HtKWMfmIBS9yTRH4qm8Caiz3fCbPma712eG6wRPwaRhs6U3HcMY8rcLRB3o271uTt3MXRQfgFqrK7-B2hOcBoGnuq2KJkYSO7sx5NwYBeOfbee6kWpF5eOVtiqrkb5tnSKMIU9PO_c22C5rSOztEt7HTXSys7rhfZHmeCj88JrZ2EesUhhvp88OHPLa-bZB4YZaCCRVfQcGmoykNLGYkTB1zPUOlvRg_4IgmBRiLmLtqlMDheSNoNSkPGQwP3zUbosrbxT0gclBudBUNbGozh8naihooCIZ2zE6wVD0VMBAODkLGZ5rkSurYXrsE2ctBxS1MLV9Pt7hVeLWV7m3HRJMyCl-1fHBhyEiRnRC-1bqkaTiaLgCCIihy-yFujQ4tAVDgLq3044xxij_EcWWCehE3gFLqnrpxmjGJu-tU_p9anMevx3ux6X3gwxg112m36mhF-nxBr7gHWgqPxicNqdYq4SOJdjzalOTPoSxYH8nHvrMwO5DRosHGL7DVjRk4wchEqlTJFFj5wAdBraNe11Rr9otMa86-PHMNSPYurSqSJDHcgORpJNHV5GIyuCWIIrbpeejPI6arY3lGzSbB2fADbuM4OOswgqE00H3szm3RdTDa9K4QPEvepEKbSE0_0LGprBi4vbHAQ5Zp_6lFdJtOP1UoUZXhWEt5o1W_Wq52AwilKELzHzviUoqNJNyQ5BsmtY_onQKEjPAEJ7kCrJa8O9nbJlhXs-mPQn_oocgCqMbuWucs5tiNOvN9o9Ajy6RFwN7jUXiIdXkiOsmoHNZQrvfsVyLM53mebWI56hUrT-HRiTjWFSOMNQjUuDrcGDH-Bst77icsxwT2kgFGxi9Y9uq01eu241kqJ3g6OtlUMKrcoGcU1PDy_ZsAPv1YwcSnfIa5-PcJjsMCU1qaCNxGjmMkI7EVRmcr9XlOk8g7zrhdQB9_rhfwg0980pF5ozvneDAT9hMNOvJhVo8xaNDhhFPdWAUhjEAU901-Ci6D2ctymwgAm2qzg1p-rL1ZSV2p3CwXftfqZCgHCTmgIPqFSCkk8O4Fx1vsZa_zk3EM7s9aj3qCQISRkEyvutvHlqWYusIsvunOSfJNPW7DO84b4bDsRbcg48zuU3FjWSy3iWJrCTcXygDR_Q=w1920-h927?auditContext=prefetch
melvin	GDX Labs,Melvin	https://lh3.googleusercontent.com/rd-d/ALs6j_GPMxJ0goPht7p0c72_JLvEfZxlU8BprmRyCfD9bpsZVib_T9L_N1RRpN0sA4MS3_L4_pnbf3_8ir_Ge3q0is8HX1Icm3Dkvb3Iu-b7YyoP_57wnI0JNXWmNY1oW2SVQQTDqKuxe-Di2WfqmwlTUjyHx5B5fbfo-FUqlG8n6ZSGjvztvLNqqAHsDXt5pBbDW44qA6WtL5bJckTi8DhXnOiCs3jWeuIYv8ranX-G7VsuU5SkQfyyzijAruO27WZYlUpueOESO5M_XaIFxCIgtxGjCwdtgmleKdvxu9tGe-Aux1x3-CLN5IkFjpmipD-m45SkZx6cn_Sdby0SbVLIOx27F6RK7aAktHF0jVAKxJgBWO7qhqczFnbPx_MWD2kgc3B5MiUZRaFUwOZYGJ7WCDkLcyre2P11ZJFW_8u8K1vk_9BA64h_u1CAnZXungVN6qlPu8GEt5VYUFWpAfD4vS3rDhJY-csKVR3Rj6nIDWtDF1Vix022QMcZiBbSVMqVF7twZfmZNyCWn9RwXcfV8mCNHxDQ7rFO_580Cj1pXsdiZXGyD2OfX0yk4FVBnupXIYYL28uwnbAIyzoD_IY3t4XwtsLGRGBc6F4ldkbQoQZ9cnvBLl__CjZ5-LdpeRNlpHNc4Gz0aV6M8MDaRa9rTKAHgSjuUwf45g-uo_4aU4WG3jDXLXMJ4XACtAGmYfTz3Zrpjvn9vsFH0EeyLDQguaVLe9jk-XiOncSRTJP5SycdXWe--wfy0KwZXK1FBlWjX0oVADdOBD3rmAGS66MctD7XDpCR5Y9OyQVY8Dn8OaS7x6QFtcbrpmig-ozlOdgOZywIorSySKC8oraHjUKjBKlprLr9bScjX4Vl_h5k7gZ40jqYrjpH1ZhrGt4azi_yvbsjqlfdUwvFg3cg6psWHzeLvWirIJhyCIkSfaYw9MtsylNi4oCOzv2xtVFOVxLbsQmjoU5l82-AIXcZWYbrr3oduBMwPhvihoj3ePBL67BCzC3eLJio-ZZrt0SUELac7iXGkt9eLvmrhZAWO2XnGwahDJ4AIdwSkit7Querj_JJBuem8ty1oFh5ErJZ03Ccy1VLxLA_M_OdKLymYWUzq-bEkHxr49BRjpuTcEDeUn3Y5jhcVkNOZ8tbBZjAM5m6BOj1_sCiAOFlrBEkvA2xWA22juE1iC5bmh2iJ1A=w1920-h927?auditContext=prefetch
Candy	GDX Labs,Candle Cat	https://lh3.googleusercontent.com/rd-d/ALs6j_GEWqJX0i-2p5RunrxPozt1YF2vgwQCWKEf9oMSy4FUDpJK-h-8kDnDMxykes-DWiB2teORSMPQ-JahFcBRsEoVCFohERYoBjILSqzlm-aRIO02wEebBCiU2LeKoXRnfp-UJbghcFeg_yXB0WqaILMCufYxB6jJa1fclpqGHZqD9LWEvh6QPfXS1KyX0vZfj77dGtJ4i4RR2pAq5or81U1yrv9kUNyRluticrI0d5Wjwvi5FMhrXlct6km4s-w8zYD3NUAQzksFLysZ7CnZNY0SLFLRnE90QDeSxQikIhyGfg3nJoMv4FogSiHNb-f6754WEA8TZ0tTWihkGft9TphK8twvPOj9o-QvwNgwaDfINANTGNQJ2whhjurMg-M7vJUD3CvFRd5V3gnC25t9TceTVz6u1MiylNC_0sdDrF19qIaTpR_49YnYBisjCJlHJhZecMJNUFAO9oKncQjmLoGpxKIczDcC_eS4CxkgL7SZCWYlOL2jH_n5sgHSvj6dD3PPVqt9lKlerObzAEhtxDmnqFuALjbRt1RuZ4zlZHtoqBGBy3pAECoUAIyENIDfG5URHeWHg8qTr-YAhuO6TtJ0jBw9vaHSNsteIXsEB_bW2OHQRPC-WU2qcF-QPq74bd_SZ6S4WwXeIspmRI4Vg9PPwmR4drP2vSw9FC-JoVFfbG6EHBQIQgZGKXWS2QPq36-VJyq3wLvIxTLrMXlGIgNCQT5Jp3q83JZctWYQ8vsNDxrk9m4-PNfP_PMtngyROMRgwhZ92Gsi5-6d-9DChmZ_JSevgqKAk-xPvmsWsLo8utUOvMo7qkYs7dAnTzuJPNRepDl0dlEwdDaRCwZkRbQVqw5D-xybwA8x_Za5-TTZrp47Qvq5f-5QESsEokNofOqa5TTU-WTuHvozSp5WCCPGokhYhzyC0YWQ2KjKgcL_YBujO11jkDuFicmLWo6i8p6MV206F1CJ07_2ibMVQolLKvMiGQCKE-OSzpPRZZb1sqb-Mr-fRarIVK4eiDdCOOh26Cmx-2dsdpctjbQ7EBwZreOx0Z2aksMl2WzvO--kju0VR2ROjpAuFiWW9s-JerCsK2lzcWLH9ram8k2IjS0fPBzoxuY1g5Cuia-hpzOgGIdpPcpgmEclRqUepIa9c8eAI6yDl0TBBHYUMElh1CtV3dVzpU9gd98m-Mw=w1920-h927?auditContext=prefetch